1,20140101,1/1/2014,?1?/?1?/?2014,2014,1,1,January,Jan,Wednesday,Wed,3,1,Q1,1,1,W1
2,20140102,1/2/2014,?1?/?2?/?2014,2014,1,2,January,Jan,Thursday,Thu,4,1,Q1,2,1,W1
3,20140103,1/3/2014,?1?/?3?/?2014,2014,1,3,January,Jan,Friday,Fri,5,1,Q1,3,1,W1
4,20140104,1/4/2014,?1?/?4?/?2014,2014,1,4,January,Jan,Saturday,Sat,6,1,Q1,4,1,W1
5,20140105,1/5/2014,?1?/?5?/?2014,2014,1,5,January,Jan,Sunday,Sun,7,1,Q1,5,1,W1
6,20140106,1/6/2014,?1?/?6?/?2014,2014,1,6,January,Jan,Monday,Mon,1,1,Q1,6,2,W2
7,20140107,1/7/2014,?1?/?7?/?2014,2014,1,7,January,Jan,Tuesday,Tue,2,1,Q1,7,2,W2
8,20140108,1/8/2014,?1?/?8?/?2014,2014,1,8,January,Jan,Wednesday,Wed,3,1,Q1,8,2,W2
9,20140109,1/9/2014,?1?/?9?/?2014,2014,1,9,January,Jan,Thursday,Thu,4,1,Q1,9,2,W2
10,20140110,1/10/2014,?1?/?10?/?2014,2014,1,10,January,Jan,Friday,Fri,5,1,Q1,10,2,W2
11,20140111,1/11/2014,?1?/?11?/?2014,2014,1,11,January,Jan,Saturday,Sat,6,1,Q1,11,2,W2
12,20140112,1/12/2014,?1?/?12?/?2014,2014,1,12,January,Jan,Sunday,Sun,7,1,Q1,12,2,W2
13,20140113,1/13/2014,?1?/?13?/?2014,2014,1,13,January,Jan,Monday,Mon,1,1,Q1,13,3,W3
14,20140114,1/14/2014,?1?/?14?/?2014,2014,1,14,January,Jan,Tuesday,Tue,2,1,Q1,14,3,W3
15,20140115,1/15/2014,?1?/?15?/?2014,2014,1,15,January,Jan,Wednesday,Wed,3,1,Q1,15,3,W3
16,20140116,1/16/2014,?1?/?16?/?2014,2014,1,16,January,Jan,Thursday,Thu,4,1,Q1,16,3,W3
17,20140117,1/17/2014,?1?/?17?/?2014,2014,1,17,January,Jan,Friday,Fri,5,1,Q1,17,3,W3
18,20140118,1/18/2014,?1?/?18?/?2014,2014,1,18,January,Jan,Saturday,Sat,6,1,Q1,18,3,W3
19,20140119,1/19/2014,?1?/?19?/?2014,2014,1,19,January,Jan,Sunday,Sun,7,1,Q1,19,3,W3
20,20140120,1/20/2014,?1?/?20?/?2014,2014,1,20,January,Jan,Monday,Mon,1,1,Q1,20,4,W4
21,20140121,1/21/2014,?1?/?21?/?2014,2014,1,21,January,Jan,Tuesday,Tue,2,1,Q1,21,4,W4
22,20140122,1/22/2014,?1?/?22?/?2014,2014,1,22,January,Jan,Wednesday,Wed,3,1,Q1,22,4,W4
23,20140123,1/23/2014,?1?/?23?/?2014,2014,1,23,January,Jan,Thursday,Thu,4,1,Q1,23,4,W4
24,20140124,1/24/2014,?1?/?24?/?2014,2014,1,24,January,Jan,Friday,Fri,5,1,Q1,24,4,W4
25,20140125,1/25/2014,?1?/?25?/?2014,2014,1,25,January,Jan,Saturday,Sat,6,1,Q1,25,4,W4
26,20140126,1/26/2014,?1?/?26?/?2014,2014,1,26,January,Jan,Sunday,Sun,7,1,Q1,26,4,W4
27,20140127,1/27/2014,?1?/?27?/?2014,2014,1,27,January,Jan,Monday,Mon,1,1,Q1,27,5,W5
28,20140128,1/28/2014,?1?/?28?/?2014,2014,1,28,January,Jan,Tuesday,Tue,2,1,Q1,28,5,W5
29,20140129,1/29/2014,?1?/?29?/?2014,2014,1,29,January,Jan,Wednesday,Wed,3,1,Q1,29,5,W5
30,20140130,1/30/2014,?1?/?30?/?2014,2014,1,30,January,Jan,Thursday,Thu,4,1,Q1,30,5,W5
31,20140131,1/31/2014,?1?/?31?/?2014,2014,1,31,January,Jan,Friday,Fri,5,1,Q1,31,5,W5
32,20140201,2/1/2014,?2?/?1?/?2014,2014,2,1,February,Feb,Saturday,Sat,6,1,Q1,32,5,W5
33,20140202,2/2/2014,?2?/?2?/?2014,2014,2,2,February,Feb,Sunday,Sun,7,1,Q1,33,5,W5
34,20140203,2/3/2014,?2?/?3?/?2014,2014,2,3,February,Feb,Monday,Mon,1,1,Q1,34,6,W6
35,20140204,2/4/2014,?2?/?4?/?2014,2014,2,4,February,Feb,Tuesday,Tue,2,1,Q1,35,6,W6
36,20140205,2/5/2014,?2?/?5?/?2014,2014,2,5,February,Feb,Wednesday,Wed,3,1,Q1,36,6,W6
37,20140206,2/6/2014,?2?/?6?/?2014,2014,2,6,February,Feb,Thursday,Thu,4,1,Q1,37,6,W6
38,20140207,2/7/2014,?2?/?7?/?2014,2014,2,7,February,Feb,Friday,Fri,5,1,Q1,38,6,W6
39,20140208,2/8/2014,?2?/?8?/?2014,2014,2,8,February,Feb,Saturday,Sat,6,1,Q1,39,6,W6
40,20140209,2/9/2014,?2?/?9?/?2014,2014,2,9,February,Feb,Sunday,Sun,7,1,Q1,40,6,W6
41,20140210,2/10/2014,?2?/?10?/?2014,2014,2,10,February,Feb,Monday,Mon,1,1,Q1,41,7,W7
42,20140211,2/11/2014,?2?/?11?/?2014,2014,2,11,February,Feb,Tuesday,Tue,2,1,Q1,42,7,W7
43,20140212,2/12/2014,?2?/?12?/?2014,2014,2,12,February,Feb,Wednesday,Wed,3,1,Q1,43,7,W7
44,20140213,2/13/2014,?2?/?13?/?2014,2014,2,13,February,Feb,Thursday,Thu,4,1,Q1,44,7,W7
45,20140214,2/14/2014,?2?/?14?/?2014,2014,2,14,February,Feb,Friday,Fri,5,1,Q1,45,7,W7
46,20140215,2/15/2014,?2?/?15?/?2014,2014,2,15,February,Feb,Saturday,Sat,6,1,Q1,46,7,W7
47,20140216,2/16/2014,?2?/?16?/?2014,2014,2,16,February,Feb,Sunday,Sun,7,1,Q1,47,7,W7
48,20140217,2/17/2014,?2?/?17?/?2014,2014,2,17,February,Feb,Monday,Mon,1,1,Q1,48,8,W8
49,20140218,2/18/2014,?2?/?18?/?2014,2014,2,18,February,Feb,Tuesday,Tue,2,1,Q1,49,8,W8
50,20140219,2/19/2014,?2?/?19?/?2014,2014,2,19,February,Feb,Wednesday,Wed,3,1,Q1,50,8,W8
51,20140220,2/20/2014,?2?/?20?/?2014,2014,2,20,February,Feb,Thursday,Thu,4,1,Q1,51,8,W8
52,20140221,2/21/2014,?2?/?21?/?2014,2014,2,21,February,Feb,Friday,Fri,5,1,Q1,52,8,W8
53,20140222,2/22/2014,?2?/?22?/?2014,2014,2,22,February,Feb,Saturday,Sat,6,1,Q1,53,8,W8
54,20140223,2/23/2014,?2?/?23?/?2014,2014,2,23,February,Feb,Sunday,Sun,7,1,Q1,54,8,W8
55,20140224,2/24/2014,?2?/?24?/?2014,2014,2,24,February,Feb,Monday,Mon,1,1,Q1,55,9,W9
56,20140225,2/25/2014,?2?/?25?/?2014,2014,2,25,February,Feb,Tuesday,Tue,2,1,Q1,56,9,W9
57,20140226,2/26/2014,?2?/?26?/?2014,2014,2,26,February,Feb,Wednesday,Wed,3,1,Q1,57,9,W9
58,20140227,2/27/2014,?2?/?27?/?2014,2014,2,27,February,Feb,Thursday,Thu,4,1,Q1,58,9,W9
59,20140228,2/28/2014,?2?/?28?/?2014,2014,2,28,February,Feb,Friday,Fri,5,1,Q1,59,9,W9
60,20140301,3/1/2014,?3?/?1?/?2014,2014,3,1,March,Mar,Saturday,Sat,6,1,Q1,60,9,W9
61,20140302,3/2/2014,?3?/?2?/?2014,2014,3,2,March,Mar,Sunday,Sun,7,1,Q1,61,9,W9
62,20140303,3/3/2014,?3?/?3?/?2014,2014,3,3,March,Mar,Monday,Mon,1,1,Q1,62,10,W10
63,20140304,3/4/2014,?3?/?4?/?2014,2014,3,4,March,Mar,Tuesday,Tue,2,1,Q1,63,10,W10
64,20140305,3/5/2014,?3?/?5?/?2014,2014,3,5,March,Mar,Wednesday,Wed,3,1,Q1,64,10,W10
65,20140306,3/6/2014,?3?/?6?/?2014,2014,3,6,March,Mar,Thursday,Thu,4,1,Q1,65,10,W10
66,20140307,3/7/2014,?3?/?7?/?2014,2014,3,7,March,Mar,Friday,Fri,5,1,Q1,66,10,W10
67,20140308,3/8/2014,?3?/?8?/?2014,2014,3,8,March,Mar,Saturday,Sat,6,1,Q1,67,10,W10
68,20140309,3/9/2014,?3?/?9?/?2014,2014,3,9,March,Mar,Sunday,Sun,7,1,Q1,68,10,W10
69,20140310,3/10/2014,?3?/?10?/?2014,2014,3,10,March,Mar,Monday,Mon,1,1,Q1,68,11,W11
70,20140311,3/11/2014,?3?/?11?/?2014,2014,3,11,March,Mar,Tuesday,Tue,2,1,Q1,69,11,W11
71,20140312,3/12/2014,?3?/?12?/?2014,2014,3,12,March,Mar,Wednesday,Wed,3,1,Q1,70,11,W11
72,20140313,3/13/2014,?3?/?13?/?2014,2014,3,13,March,Mar,Thursday,Thu,4,1,Q1,71,11,W11
73,20140314,3/14/2014,?3?/?14?/?2014,2014,3,14,March,Mar,Friday,Fri,5,1,Q1,72,11,W11
74,20140315,3/15/2014,?3?/?15?/?2014,2014,3,15,March,Mar,Saturday,Sat,6,1,Q1,73,11,W11
75,20140316,3/16/2014,?3?/?16?/?2014,2014,3,16,March,Mar,Sunday,Sun,7,1,Q1,74,11,W11
76,20140317,3/17/2014,?3?/?17?/?2014,2014,3,17,March,Mar,Monday,Mon,1,1,Q1,75,12,W12
77,20140318,3/18/2014,?3?/?18?/?2014,2014,3,18,March,Mar,Tuesday,Tue,2,1,Q1,76,12,W12
78,20140319,3/19/2014,?3?/?19?/?2014,2014,3,19,March,Mar,Wednesday,Wed,3,1,Q1,77,12,W12
79,20140320,3/20/2014,?3?/?20?/?2014,2014,3,20,March,Mar,Thursday,Thu,4,1,Q1,78,12,W12
80,20140321,3/21/2014,?3?/?21?/?2014,2014,3,21,March,Mar,Friday,Fri,5,1,Q1,79,12,W12
81,20140322,3/22/2014,?3?/?22?/?2014,2014,3,22,March,Mar,Saturday,Sat,6,1,Q1,80,12,W12
82,20140323,3/23/2014,?3?/?23?/?2014,2014,3,23,March,Mar,Sunday,Sun,7,1,Q1,81,12,W12
83,20140324,3/24/2014,?3?/?24?/?2014,2014,3,24,March,Mar,Monday,Mon,1,1,Q1,82,13,W13
84,20140325,3/25/2014,?3?/?25?/?2014,2014,3,25,March,Mar,Tuesday,Tue,2,1,Q1,83,13,W13
85,20140326,3/26/2014,?3?/?26?/?2014,2014,3,26,March,Mar,Wednesday,Wed,3,1,Q1,84,13,W13
86,20140327,3/27/2014,?3?/?27?/?2014,2014,3,27,March,Mar,Thursday,Thu,4,1,Q1,85,13,W13
87,20140328,3/28/2014,?3?/?28?/?2014,2014,3,28,March,Mar,Friday,Fri,5,1,Q1,86,13,W13
88,20140329,3/29/2014,?3?/?29?/?2014,2014,3,29,March,Mar,Saturday,Sat,6,1,Q1,87,13,W13
89,20140330,3/30/2014,?3?/?30?/?2014,2014,3,30,March,Mar,Sunday,Sun,7,1,Q1,88,13,W13
90,20140331,3/31/2014,?3?/?31?/?2014,2014,3,31,March,Mar,Monday,Mon,1,1,Q1,89,14,W14
91,20140401,4/1/2014,?4?/?1?/?2014,2014,4,1,April,Apr,Tuesday,Tue,2,2,Q2,90,14,W14
92,20140402,4/2/2014,?4?/?2?/?2014,2014,4,2,April,Apr,Wednesday,Wed,3,2,Q2,91,14,W14
93,20140403,4/3/2014,?4?/?3?/?2014,2014,4,3,April,Apr,Thursday,Thu,4,2,Q2,92,14,W14
94,20140404,4/4/2014,?4?/?4?/?2014,2014,4,4,April,Apr,Friday,Fri,5,2,Q2,93,14,W14
95,20140405,4/5/2014,?4?/?5?/?2014,2014,4,5,April,Apr,Saturday,Sat,6,2,Q2,94,14,W14
96,20140406,4/6/2014,?4?/?6?/?2014,2014,4,6,April,Apr,Sunday,Sun,7,2,Q2,95,14,W14
97,20140407,4/7/2014,?4?/?7?/?2014,2014,4,7,April,Apr,Monday,Mon,1,2,Q2,96,15,W15
98,20140408,4/8/2014,?4?/?8?/?2014,2014,4,8,April,Apr,Tuesday,Tue,2,2,Q2,97,15,W15
99,20140409,4/9/2014,?4?/?9?/?2014,2014,4,9,April,Apr,Wednesday,Wed,3,2,Q2,98,15,W15
100,20140410,4/10/2014,?4?/?10?/?2014,2014,4,10,April,Apr,Thursday,Thu,4,2,Q2,99,15,W15
101,20140411,4/11/2014,?4?/?11?/?2014,2014,4,11,April,Apr,Friday,Fri,5,2,Q2,100,15,W15
102,20140412,4/12/2014,?4?/?12?/?2014,2014,4,12,April,Apr,Saturday,Sat,6,2,Q2,101,15,W15
103,20140413,4/13/2014,?4?/?13?/?2014,2014,4,13,April,Apr,Sunday,Sun,7,2,Q2,102,15,W15
104,20140414,4/14/2014,?4?/?14?/?2014,2014,4,14,April,Apr,Monday,Mon,1,2,Q2,103,16,W16
105,20140415,4/15/2014,?4?/?15?/?2014,2014,4,15,April,Apr,Tuesday,Tue,2,2,Q2,104,16,W16
106,20140416,4/16/2014,?4?/?16?/?2014,2014,4,16,April,Apr,Wednesday,Wed,3,2,Q2,105,16,W16
107,20140417,4/17/2014,?4?/?17?/?2014,2014,4,17,April,Apr,Thursday,Thu,4,2,Q2,106,16,W16
108,20140418,4/18/2014,?4?/?18?/?2014,2014,4,18,April,Apr,Friday,Fri,5,2,Q2,107,16,W16
109,20140419,4/19/2014,?4?/?19?/?2014,2014,4,19,April,Apr,Saturday,Sat,6,2,Q2,108,16,W16
110,20140420,4/20/2014,?4?/?20?/?2014,2014,4,20,April,Apr,Sunday,Sun,7,2,Q2,109,16,W16
111,20140421,4/21/2014,?4?/?21?/?2014,2014,4,21,April,Apr,Monday,Mon,1,2,Q2,110,17,W17
112,20140422,4/22/2014,?4?/?22?/?2014,2014,4,22,April,Apr,Tuesday,Tue,2,2,Q2,111,17,W17
113,20140423,4/23/2014,?4?/?23?/?2014,2014,4,23,April,Apr,Wednesday,Wed,3,2,Q2,112,17,W17
114,20140424,4/24/2014,?4?/?24?/?2014,2014,4,24,April,Apr,Thursday,Thu,4,2,Q2,113,17,W17
115,20140425,4/25/2014,?4?/?25?/?2014,2014,4,25,April,Apr,Friday,Fri,5,2,Q2,114,17,W17
116,20140426,4/26/2014,?4?/?26?/?2014,2014,4,26,April,Apr,Saturday,Sat,6,2,Q2,115,17,W17
117,20140427,4/27/2014,?4?/?27?/?2014,2014,4,27,April,Apr,Sunday,Sun,7,2,Q2,116,17,W17
118,20140428,4/28/2014,?4?/?28?/?2014,2014,4,28,April,Apr,Monday,Mon,1,2,Q2,117,18,W18
119,20140429,4/29/2014,?4?/?29?/?2014,2014,4,29,April,Apr,Tuesday,Tue,2,2,Q2,118,18,W18
120,20140430,4/30/2014,?4?/?30?/?2014,2014,4,30,April,Apr,Wednesday,Wed,3,2,Q2,119,18,W18
121,20140501,5/1/2014,?5?/?1?/?2014,2014,5,1,May,May,Thursday,Thu,4,2,Q2,120,18,W18
122,20140502,5/2/2014,?5?/?2?/?2014,2014,5,2,May,May,Friday,Fri,5,2,Q2,121,18,W18
123,20140503,5/3/2014,?5?/?3?/?2014,2014,5,3,May,May,Saturday,Sat,6,2,Q2,122,18,W18
124,20140504,5/4/2014,?5?/?4?/?2014,2014,5,4,May,May,Sunday,Sun,7,2,Q2,123,18,W18
125,20140505,5/5/2014,?5?/?5?/?2014,2014,5,5,May,May,Monday,Mon,1,2,Q2,124,19,W19
126,20140506,5/6/2014,?5?/?6?/?2014,2014,5,6,May,May,Tuesday,Tue,2,2,Q2,125,19,W19
127,20140507,5/7/2014,?5?/?7?/?2014,2014,5,7,May,May,Wednesday,Wed,3,2,Q2,126,19,W19
128,20140508,5/8/2014,?5?/?8?/?2014,2014,5,8,May,May,Thursday,Thu,4,2,Q2,127,19,W19
129,20140509,5/9/2014,?5?/?9?/?2014,2014,5,9,May,May,Friday,Fri,5,2,Q2,128,19,W19
130,20140510,5/10/2014,?5?/?10?/?2014,2014,5,10,May,May,Saturday,Sat,6,2,Q2,129,19,W19
131,20140511,5/11/2014,?5?/?11?/?2014,2014,5,11,May,May,Sunday,Sun,7,2,Q2,130,19,W19
132,20140512,5/12/2014,?5?/?12?/?2014,2014,5,12,May,May,Monday,Mon,1,2,Q2,131,20,W20
133,20140513,5/13/2014,?5?/?13?/?2014,2014,5,13,May,May,Tuesday,Tue,2,2,Q2,132,20,W20
134,20140514,5/14/2014,?5?/?14?/?2014,2014,5,14,May,May,Wednesday,Wed,3,2,Q2,133,20,W20
135,20140515,5/15/2014,?5?/?15?/?2014,2014,5,15,May,May,Thursday,Thu,4,2,Q2,134,20,W20
136,20140516,5/16/2014,?5?/?16?/?2014,2014,5,16,May,May,Friday,Fri,5,2,Q2,135,20,W20
137,20140517,5/17/2014,?5?/?17?/?2014,2014,5,17,May,May,Saturday,Sat,6,2,Q2,136,20,W20
138,20140518,5/18/2014,?5?/?18?/?2014,2014,5,18,May,May,Sunday,Sun,7,2,Q2,137,20,W20
139,20140519,5/19/2014,?5?/?19?/?2014,2014,5,19,May,May,Monday,Mon,1,2,Q2,138,21,W21
140,20140520,5/20/2014,?5?/?20?/?2014,2014,5,20,May,May,Tuesday,Tue,2,2,Q2,139,21,W21
141,20140521,5/21/2014,?5?/?21?/?2014,2014,5,21,May,May,Wednesday,Wed,3,2,Q2,140,21,W21
142,20140522,5/22/2014,?5?/?22?/?2014,2014,5,22,May,May,Thursday,Thu,4,2,Q2,141,21,W21
143,20140523,5/23/2014,?5?/?23?/?2014,2014,5,23,May,May,Friday,Fri,5,2,Q2,142,21,W21
144,20140524,5/24/2014,?5?/?24?/?2014,2014,5,24,May,May,Saturday,Sat,6,2,Q2,143,21,W21
145,20140525,5/25/2014,?5?/?25?/?2014,2014,5,25,May,May,Sunday,Sun,7,2,Q2,144,21,W21
146,20140526,5/26/2014,?5?/?26?/?2014,2014,5,26,May,May,Monday,Mon,1,2,Q2,145,22,W22
147,20140527,5/27/2014,?5?/?27?/?2014,2014,5,27,May,May,Tuesday,Tue,2,2,Q2,146,22,W22
148,20140528,5/28/2014,?5?/?28?/?2014,2014,5,28,May,May,Wednesday,Wed,3,2,Q2,147,22,W22
149,20140529,5/29/2014,?5?/?29?/?2014,2014,5,29,May,May,Thursday,Thu,4,2,Q2,148,22,W22
150,20140530,5/30/2014,?5?/?30?/?2014,2014,5,30,May,May,Friday,Fri,5,2,Q2,149,22,W22
151,20140531,5/31/2014,?5?/?31?/?2014,2014,5,31,May,May,Saturday,Sat,6,2,Q2,150,22,W22
152,20140601,6/1/2014,?6?/?1?/?2014,2014,6,1,June,Jun,Sunday,Sun,7,2,Q2,151,22,W22
153,20140602,6/2/2014,?6?/?2?/?2014,2014,6,2,June,Jun,Monday,Mon,1,2,Q2,152,23,W23
154,20140603,6/3/2014,?6?/?3?/?2014,2014,6,3,June,Jun,Tuesday,Tue,2,2,Q2,153,23,W23
155,20140604,6/4/2014,?6?/?4?/?2014,2014,6,4,June,Jun,Wednesday,Wed,3,2,Q2,154,23,W23
156,20140605,6/5/2014,?6?/?5?/?2014,2014,6,5,June,Jun,Thursday,Thu,4,2,Q2,155,23,W23
157,20140606,6/6/2014,?6?/?6?/?2014,2014,6,6,June,Jun,Friday,Fri,5,2,Q2,156,23,W23
158,20140607,6/7/2014,?6?/?7?/?2014,2014,6,7,June,Jun,Saturday,Sat,6,2,Q2,157,23,W23
159,20140608,6/8/2014,?6?/?8?/?2014,2014,6,8,June,Jun,Sunday,Sun,7,2,Q2,158,23,W23
160,20140609,6/9/2014,?6?/?9?/?2014,2014,6,9,June,Jun,Monday,Mon,1,2,Q2,159,24,W24
161,20140610,6/10/2014,?6?/?10?/?2014,2014,6,10,June,Jun,Tuesday,Tue,2,2,Q2,160,24,W24
162,20140611,6/11/2014,?6?/?11?/?2014,2014,6,11,June,Jun,Wednesday,Wed,3,2,Q2,161,24,W24
163,20140612,6/12/2014,?6?/?12?/?2014,2014,6,12,June,Jun,Thursday,Thu,4,2,Q2,162,24,W24
164,20140613,6/13/2014,?6?/?13?/?2014,2014,6,13,June,Jun,Friday,Fri,5,2,Q2,163,24,W24
165,20140614,6/14/2014,?6?/?14?/?2014,2014,6,14,June,Jun,Saturday,Sat,6,2,Q2,164,24,W24
166,20140615,6/15/2014,?6?/?15?/?2014,2014,6,15,June,Jun,Sunday,Sun,7,2,Q2,165,24,W24
167,20140616,6/16/2014,?6?/?16?/?2014,2014,6,16,June,Jun,Monday,Mon,1,2,Q2,166,25,W25
168,20140617,6/17/2014,?6?/?17?/?2014,2014,6,17,June,Jun,Tuesday,Tue,2,2,Q2,167,25,W25
169,20140618,6/18/2014,?6?/?18?/?2014,2014,6,18,June,Jun,Wednesday,Wed,3,2,Q2,168,25,W25
170,20140619,6/19/2014,?6?/?19?/?2014,2014,6,19,June,Jun,Thursday,Thu,4,2,Q2,169,25,W25
171,20140620,6/20/2014,?6?/?20?/?2014,2014,6,20,June,Jun,Friday,Fri,5,2,Q2,170,25,W25
172,20140621,6/21/2014,?6?/?21?/?2014,2014,6,21,June,Jun,Saturday,Sat,6,2,Q2,171,25,W25
173,20140622,6/22/2014,?6?/?22?/?2014,2014,6,22,June,Jun,Sunday,Sun,7,2,Q2,172,25,W25
174,20140623,6/23/2014,?6?/?23?/?2014,2014,6,23,June,Jun,Monday,Mon,1,2,Q2,173,26,W26
175,20140624,6/24/2014,?6?/?24?/?2014,2014,6,24,June,Jun,Tuesday,Tue,2,2,Q2,174,26,W26
176,20140625,6/25/2014,?6?/?25?/?2014,2014,6,25,June,Jun,Wednesday,Wed,3,2,Q2,175,26,W26
177,20140626,6/26/2014,?6?/?26?/?2014,2014,6,26,June,Jun,Thursday,Thu,4,2,Q2,176,26,W26
178,20140627,6/27/2014,?6?/?27?/?2014,2014,6,27,June,Jun,Friday,Fri,5,2,Q2,177,26,W26
179,20140628,6/28/2014,?6?/?28?/?2014,2014,6,28,June,Jun,Saturday,Sat,6,2,Q2,178,26,W26
180,20140629,6/29/2014,?6?/?29?/?2014,2014,6,29,June,Jun,Sunday,Sun,7,2,Q2,179,26,W26
181,20140630,6/30/2014,?6?/?30?/?2014,2014,6,30,June,Jun,Monday,Mon,1,2,Q2,180,27,W27
182,20140701,7/1/2014,?7?/?1?/?2014,2014,7,1,July,Jul,Tuesday,Tue,2,3,Q3,181,27,W27
183,20140702,7/2/2014,?7?/?2?/?2014,2014,7,2,July,Jul,Wednesday,Wed,3,3,Q3,182,27,W27
184,20140703,7/3/2014,?7?/?3?/?2014,2014,7,3,July,Jul,Thursday,Thu,4,3,Q3,183,27,W27
185,20140704,7/4/2014,?7?/?4?/?2014,2014,7,4,July,Jul,Friday,Fri,5,3,Q3,184,27,W27
186,20140705,7/5/2014,?7?/?5?/?2014,2014,7,5,July,Jul,Saturday,Sat,6,3,Q3,185,27,W27
187,20140706,7/6/2014,?7?/?6?/?2014,2014,7,6,July,Jul,Sunday,Sun,7,3,Q3,186,27,W27
188,20140707,7/7/2014,?7?/?7?/?2014,2014,7,7,July,Jul,Monday,Mon,1,3,Q3,187,28,W28
189,20140708,7/8/2014,?7?/?8?/?2014,2014,7,8,July,Jul,Tuesday,Tue,2,3,Q3,188,28,W28
190,20140709,7/9/2014,?7?/?9?/?2014,2014,7,9,July,Jul,Wednesday,Wed,3,3,Q3,189,28,W28
191,20140710,7/10/2014,?7?/?10?/?2014,2014,7,10,July,Jul,Thursday,Thu,4,3,Q3,190,28,W28
192,20140711,7/11/2014,?7?/?11?/?2014,2014,7,11,July,Jul,Friday,Fri,5,3,Q3,191,28,W28
193,20140712,7/12/2014,?7?/?12?/?2014,2014,7,12,July,Jul,Saturday,Sat,6,3,Q3,192,28,W28
194,20140713,7/13/2014,?7?/?13?/?2014,2014,7,13,July,Jul,Sunday,Sun,7,3,Q3,193,28,W28
195,20140714,7/14/2014,?7?/?14?/?2014,2014,7,14,July,Jul,Monday,Mon,1,3,Q3,194,29,W29
196,20140715,7/15/2014,?7?/?15?/?2014,2014,7,15,July,Jul,Tuesday,Tue,2,3,Q3,195,29,W29
197,20140716,7/16/2014,?7?/?16?/?2014,2014,7,16,July,Jul,Wednesday,Wed,3,3,Q3,196,29,W29
198,20140717,7/17/2014,?7?/?17?/?2014,2014,7,17,July,Jul,Thursday,Thu,4,3,Q3,197,29,W29
199,20140718,7/18/2014,?7?/?18?/?2014,2014,7,18,July,Jul,Friday,Fri,5,3,Q3,198,29,W29
200,20140719,7/19/2014,?7?/?19?/?2014,2014,7,19,July,Jul,Saturday,Sat,6,3,Q3,199,29,W29
201,20140720,7/20/2014,?7?/?20?/?2014,2014,7,20,July,Jul,Sunday,Sun,7,3,Q3,200,29,W29
202,20140721,7/21/2014,?7?/?21?/?2014,2014,7,21,July,Jul,Monday,Mon,1,3,Q3,201,30,W30
203,20140722,7/22/2014,?7?/?22?/?2014,2014,7,22,July,Jul,Tuesday,Tue,2,3,Q3,202,30,W30
204,20140723,7/23/2014,?7?/?23?/?2014,2014,7,23,July,Jul,Wednesday,Wed,3,3,Q3,203,30,W30
205,20140724,7/24/2014,?7?/?24?/?2014,2014,7,24,July,Jul,Thursday,Thu,4,3,Q3,204,30,W30
206,20140725,7/25/2014,?7?/?25?/?2014,2014,7,25,July,Jul,Friday,Fri,5,3,Q3,205,30,W30
207,20140726,7/26/2014,?7?/?26?/?2014,2014,7,26,July,Jul,Saturday,Sat,6,3,Q3,206,30,W30
208,20140727,7/27/2014,?7?/?27?/?2014,2014,7,27,July,Jul,Sunday,Sun,7,3,Q3,207,30,W30
209,20140728,7/28/2014,?7?/?28?/?2014,2014,7,28,July,Jul,Monday,Mon,1,3,Q3,208,31,W31
210,20140729,7/29/2014,?7?/?29?/?2014,2014,7,29,July,Jul,Tuesday,Tue,2,3,Q3,209,31,W31
211,20140730,7/30/2014,?7?/?30?/?2014,2014,7,30,July,Jul,Wednesday,Wed,3,3,Q3,210,31,W31
212,20140731,7/31/2014,?7?/?31?/?2014,2014,7,31,July,Jul,Thursday,Thu,4,3,Q3,211,31,W31
213,20140801,8/1/2014,?8?/?1?/?2014,2014,8,1,August,Aug,Friday,Fri,5,3,Q3,212,31,W31
214,20140802,8/2/2014,?8?/?2?/?2014,2014,8,2,August,Aug,Saturday,Sat,6,3,Q3,213,31,W31
215,20140803,8/3/2014,?8?/?3?/?2014,2014,8,3,August,Aug,Sunday,Sun,7,3,Q3,214,31,W31
216,20140804,8/4/2014,?8?/?4?/?2014,2014,8,4,August,Aug,Monday,Mon,1,3,Q3,215,32,W32
217,20140805,8/5/2014,?8?/?5?/?2014,2014,8,5,August,Aug,Tuesday,Tue,2,3,Q3,216,32,W32
218,20140806,8/6/2014,?8?/?6?/?2014,2014,8,6,August,Aug,Wednesday,Wed,3,3,Q3,217,32,W32
219,20140807,8/7/2014,?8?/?7?/?2014,2014,8,7,August,Aug,Thursday,Thu,4,3,Q3,218,32,W32
220,20140808,8/8/2014,?8?/?8?/?2014,2014,8,8,August,Aug,Friday,Fri,5,3,Q3,219,32,W32
221,20140809,8/9/2014,?8?/?9?/?2014,2014,8,9,August,Aug,Saturday,Sat,6,3,Q3,220,32,W32
222,20140810,8/10/2014,?8?/?10?/?2014,2014,8,10,August,Aug,Sunday,Sun,7,3,Q3,221,32,W32
223,20140811,8/11/2014,?8?/?11?/?2014,2014,8,11,August,Aug,Monday,Mon,1,3,Q3,222,33,W33
224,20140812,8/12/2014,?8?/?12?/?2014,2014,8,12,August,Aug,Tuesday,Tue,2,3,Q3,223,33,W33
225,20140813,8/13/2014,?8?/?13?/?2014,2014,8,13,August,Aug,Wednesday,Wed,3,3,Q3,224,33,W33
226,20140814,8/14/2014,?8?/?14?/?2014,2014,8,14,August,Aug,Thursday,Thu,4,3,Q3,225,33,W33
227,20140815,8/15/2014,?8?/?15?/?2014,2014,8,15,August,Aug,Friday,Fri,5,3,Q3,226,33,W33
228,20140816,8/16/2014,?8?/?16?/?2014,2014,8,16,August,Aug,Saturday,Sat,6,3,Q3,227,33,W33
229,20140817,8/17/2014,?8?/?17?/?2014,2014,8,17,August,Aug,Sunday,Sun,7,3,Q3,228,33,W33
230,20140818,8/18/2014,?8?/?18?/?2014,2014,8,18,August,Aug,Monday,Mon,1,3,Q3,229,34,W34
231,20140819,8/19/2014,?8?/?19?/?2014,2014,8,19,August,Aug,Tuesday,Tue,2,3,Q3,230,34,W34
232,20140820,8/20/2014,?8?/?20?/?2014,2014,8,20,August,Aug,Wednesday,Wed,3,3,Q3,231,34,W34
233,20140821,8/21/2014,?8?/?21?/?2014,2014,8,21,August,Aug,Thursday,Thu,4,3,Q3,232,34,W34
234,20140822,8/22/2014,?8?/?22?/?2014,2014,8,22,August,Aug,Friday,Fri,5,3,Q3,233,34,W34
235,20140823,8/23/2014,?8?/?23?/?2014,2014,8,23,August,Aug,Saturday,Sat,6,3,Q3,234,34,W34
236,20140824,8/24/2014,?8?/?24?/?2014,2014,8,24,August,Aug,Sunday,Sun,7,3,Q3,235,34,W34
237,20140825,8/25/2014,?8?/?25?/?2014,2014,8,25,August,Aug,Monday,Mon,1,3,Q3,236,35,W35
238,20140826,8/26/2014,?8?/?26?/?2014,2014,8,26,August,Aug,Tuesday,Tue,2,3,Q3,237,35,W35
239,20140827,8/27/2014,?8?/?27?/?2014,2014,8,27,August,Aug,Wednesday,Wed,3,3,Q3,238,35,W35
240,20140828,8/28/2014,?8?/?28?/?2014,2014,8,28,August,Aug,Thursday,Thu,4,3,Q3,239,35,W35
241,20140829,8/29/2014,?8?/?29?/?2014,2014,8,29,August,Aug,Friday,Fri,5,3,Q3,240,35,W35
242,20140830,8/30/2014,?8?/?30?/?2014,2014,8,30,August,Aug,Saturday,Sat,6,3,Q3,241,35,W35
243,20140831,8/31/2014,?8?/?31?/?2014,2014,8,31,August,Aug,Sunday,Sun,7,3,Q3,242,35,W35
244,20140901,9/1/2014,?9?/?1?/?2014,2014,9,1,September,Sep,Monday,Mon,1,3,Q3,243,36,W36
245,20140902,9/2/2014,?9?/?2?/?2014,2014,9,2,September,Sep,Tuesday,Tue,2,3,Q3,244,36,W36
246,20140903,9/3/2014,?9?/?3?/?2014,2014,9,3,September,Sep,Wednesday,Wed,3,3,Q3,245,36,W36
247,20140904,9/4/2014,?9?/?4?/?2014,2014,9,4,September,Sep,Thursday,Thu,4,3,Q3,246,36,W36
248,20140905,9/5/2014,?9?/?5?/?2014,2014,9,5,September,Sep,Friday,Fri,5,3,Q3,247,36,W36
249,20140906,9/6/2014,?9?/?6?/?2014,2014,9,6,September,Sep,Saturday,Sat,6,3,Q3,248,36,W36
250,20140907,9/7/2014,?9?/?7?/?2014,2014,9,7,September,Sep,Sunday,Sun,7,3,Q3,249,36,W36
251,20140908,9/8/2014,?9?/?8?/?2014,2014,9,8,September,Sep,Monday,Mon,1,3,Q3,250,37,W37
252,20140909,9/9/2014,?9?/?9?/?2014,2014,9,9,September,Sep,Tuesday,Tue,2,3,Q3,251,37,W37
253,20140910,9/10/2014,?9?/?10?/?2014,2014,9,10,September,Sep,Wednesday,Wed,3,3,Q3,252,37,W37
254,20140911,9/11/2014,?9?/?11?/?2014,2014,9,11,September,Sep,Thursday,Thu,4,3,Q3,253,37,W37
255,20140912,9/12/2014,?9?/?12?/?2014,2014,9,12,September,Sep,Friday,Fri,5,3,Q3,254,37,W37
256,20140913,9/13/2014,?9?/?13?/?2014,2014,9,13,September,Sep,Saturday,Sat,6,3,Q3,255,37,W37
257,20140914,9/14/2014,?9?/?14?/?2014,2014,9,14,September,Sep,Sunday,Sun,7,3,Q3,256,37,W37
258,20140915,9/15/2014,?9?/?15?/?2014,2014,9,15,September,Sep,Monday,Mon,1,3,Q3,257,38,W38
259,20140916,9/16/2014,?9?/?16?/?2014,2014,9,16,September,Sep,Tuesday,Tue,2,3,Q3,258,38,W38
260,20140917,9/17/2014,?9?/?17?/?2014,2014,9,17,September,Sep,Wednesday,Wed,3,3,Q3,259,38,W38
261,20140918,9/18/2014,?9?/?18?/?2014,2014,9,18,September,Sep,Thursday,Thu,4,3,Q3,260,38,W38
262,20140919,9/19/2014,?9?/?19?/?2014,2014,9,19,September,Sep,Friday,Fri,5,3,Q3,261,38,W38
263,20140920,9/20/2014,?9?/?20?/?2014,2014,9,20,September,Sep,Saturday,Sat,6,3,Q3,262,38,W38
264,20140921,9/21/2014,?9?/?21?/?2014,2014,9,21,September,Sep,Sunday,Sun,7,3,Q3,263,38,W38
265,20140922,9/22/2014,?9?/?22?/?2014,2014,9,22,September,Sep,Monday,Mon,1,3,Q3,264,39,W39
266,20140923,9/23/2014,?9?/?23?/?2014,2014,9,23,September,Sep,Tuesday,Tue,2,3,Q3,265,39,W39
267,20140924,9/24/2014,?9?/?24?/?2014,2014,9,24,September,Sep,Wednesday,Wed,3,3,Q3,266,39,W39
268,20140925,9/25/2014,?9?/?25?/?2014,2014,9,25,September,Sep,Thursday,Thu,4,3,Q3,267,39,W39
269,20140926,9/26/2014,?9?/?26?/?2014,2014,9,26,September,Sep,Friday,Fri,5,3,Q3,268,39,W39
270,20140927,9/27/2014,?9?/?27?/?2014,2014,9,27,September,Sep,Saturday,Sat,6,3,Q3,269,39,W39
271,20140928,9/28/2014,?9?/?28?/?2014,2014,9,28,September,Sep,Sunday,Sun,7,3,Q3,270,39,W39
272,20140929,9/29/2014,?9?/?29?/?2014,2014,9,29,September,Sep,Monday,Mon,1,3,Q3,271,40,W40
273,20140930,9/30/2014,?9?/?30?/?2014,2014,9,30,September,Sep,Tuesday,Tue,2,3,Q3,272,40,W40
274,20141001,10/1/2014,?10?/?1?/?2014,2014,10,1,October,Oct,Wednesday,Wed,3,4,Q4,273,40,W40
275,20141002,10/2/2014,?10?/?2?/?2014,2014,10,2,October,Oct,Thursday,Thu,4,4,Q4,274,40,W40
276,20141003,10/3/2014,?10?/?3?/?2014,2014,10,3,October,Oct,Friday,Fri,5,4,Q4,275,40,W40
277,20141004,10/4/2014,?10?/?4?/?2014,2014,10,4,October,Oct,Saturday,Sat,6,4,Q4,276,40,W40
278,20141005,10/5/2014,?10?/?5?/?2014,2014,10,5,October,Oct,Sunday,Sun,7,4,Q4,277,40,W40
279,20141006,10/6/2014,?10?/?6?/?2014,2014,10,6,October,Oct,Monday,Mon,1,4,Q4,278,41,W41
280,20141007,10/7/2014,?10?/?7?/?2014,2014,10,7,October,Oct,Tuesday,Tue,2,4,Q4,279,41,W41
281,20141008,10/8/2014,?10?/?8?/?2014,2014,10,8,October,Oct,Wednesday,Wed,3,4,Q4,280,41,W41
282,20141009,10/9/2014,?10?/?9?/?2014,2014,10,9,October,Oct,Thursday,Thu,4,4,Q4,281,41,W41
283,20141010,10/10/2014,?10?/?10?/?2014,2014,10,10,October,Oct,Friday,Fri,5,4,Q4,282,41,W41
284,20141011,10/11/2014,?10?/?11?/?2014,2014,10,11,October,Oct,Saturday,Sat,6,4,Q4,283,41,W41
285,20141012,10/12/2014,?10?/?12?/?2014,2014,10,12,October,Oct,Sunday,Sun,7,4,Q4,284,41,W41
286,20141013,10/13/2014,?10?/?13?/?2014,2014,10,13,October,Oct,Monday,Mon,1,4,Q4,285,42,W42
287,20141014,10/14/2014,?10?/?14?/?2014,2014,10,14,October,Oct,Tuesday,Tue,2,4,Q4,286,42,W42
288,20141015,10/15/2014,?10?/?15?/?2014,2014,10,15,October,Oct,Wednesday,Wed,3,4,Q4,287,42,W42
289,20141016,10/16/2014,?10?/?16?/?2014,2014,10,16,October,Oct,Thursday,Thu,4,4,Q4,288,42,W42
290,20141017,10/17/2014,?10?/?17?/?2014,2014,10,17,October,Oct,Friday,Fri,5,4,Q4,289,42,W42
291,20141018,10/18/2014,?10?/?18?/?2014,2014,10,18,October,Oct,Saturday,Sat,6,4,Q4,290,42,W42
292,20141019,10/19/2014,?10?/?19?/?2014,2014,10,19,October,Oct,Sunday,Sun,7,4,Q4,291,42,W42
293,20141020,10/20/2014,?10?/?20?/?2014,2014,10,20,October,Oct,Monday,Mon,1,4,Q4,292,43,W43
294,20141021,10/21/2014,?10?/?21?/?2014,2014,10,21,October,Oct,Tuesday,Tue,2,4,Q4,293,43,W43
295,20141022,10/22/2014,?10?/?22?/?2014,2014,10,22,October,Oct,Wednesday,Wed,3,4,Q4,294,43,W43
296,20141023,10/23/2014,?10?/?23?/?2014,2014,10,23,October,Oct,Thursday,Thu,4,4,Q4,295,43,W43
297,20141024,10/24/2014,?10?/?24?/?2014,2014,10,24,October,Oct,Friday,Fri,5,4,Q4,296,43,W43
298,20141025,10/25/2014,?10?/?25?/?2014,2014,10,25,October,Oct,Saturday,Sat,6,4,Q4,297,43,W43
299,20141026,10/26/2014,?10?/?26?/?2014,2014,10,26,October,Oct,Sunday,Sun,7,4,Q4,298,43,W43
300,20141027,10/27/2014,?10?/?27?/?2014,2014,10,27,October,Oct,Monday,Mon,1,4,Q4,299,44,W44
301,20141028,10/28/2014,?10?/?28?/?2014,2014,10,28,October,Oct,Tuesday,Tue,2,4,Q4,300,44,W44
302,20141029,10/29/2014,?10?/?29?/?2014,2014,10,29,October,Oct,Wednesday,Wed,3,4,Q4,301,44,W44
303,20141030,10/30/2014,?10?/?30?/?2014,2014,10,30,October,Oct,Thursday,Thu,4,4,Q4,302,44,W44
304,20141031,10/31/2014,?10?/?31?/?2014,2014,10,31,October,Oct,Friday,Fri,5,4,Q4,303,44,W44
305,20141101,11/1/2014,?11?/?1?/?2014,2014,11,1,November,Nov,Saturday,Sat,6,4,Q4,304,44,W44
306,20141102,11/2/2014,?11?/?2?/?2014,2014,11,2,November,Nov,Sunday,Sun,7,4,Q4,305,44,W44
307,20141103,11/3/2014,?11?/?3?/?2014,2014,11,3,November,Nov,Monday,Mon,1,4,Q4,307,45,W45
308,20141104,11/4/2014,?11?/?4?/?2014,2014,11,4,November,Nov,Tuesday,Tue,2,4,Q4,308,45,W45
309,20141105,11/5/2014,?11?/?5?/?2014,2014,11,5,November,Nov,Wednesday,Wed,3,4,Q4,309,45,W45
310,20141106,11/6/2014,?11?/?6?/?2014,2014,11,6,November,Nov,Thursday,Thu,4,4,Q4,310,45,W45
311,20141107,11/7/2014,?11?/?7?/?2014,2014,11,7,November,Nov,Friday,Fri,5,4,Q4,311,45,W45
312,20141108,11/8/2014,?11?/?8?/?2014,2014,11,8,November,Nov,Saturday,Sat,6,4,Q4,312,45,W45
313,20141109,11/9/2014,?11?/?9?/?2014,2014,11,9,November,Nov,Sunday,Sun,7,4,Q4,313,45,W45
314,20141110,11/10/2014,?11?/?10?/?2014,2014,11,10,November,Nov,Monday,Mon,1,4,Q4,314,46,W46
315,20141111,11/11/2014,?11?/?11?/?2014,2014,11,11,November,Nov,Tuesday,Tue,2,4,Q4,315,46,W46
316,20141112,11/12/2014,?11?/?12?/?2014,2014,11,12,November,Nov,Wednesday,Wed,3,4,Q4,316,46,W46
317,20141113,11/13/2014,?11?/?13?/?2014,2014,11,13,November,Nov,Thursday,Thu,4,4,Q4,317,46,W46
318,20141114,11/14/2014,?11?/?14?/?2014,2014,11,14,November,Nov,Friday,Fri,5,4,Q4,318,46,W46
319,20141115,11/15/2014,?11?/?15?/?2014,2014,11,15,November,Nov,Saturday,Sat,6,4,Q4,319,46,W46
320,20141116,11/16/2014,?11?/?16?/?2014,2014,11,16,November,Nov,Sunday,Sun,7,4,Q4,320,46,W46
321,20141117,11/17/2014,?11?/?17?/?2014,2014,11,17,November,Nov,Monday,Mon,1,4,Q4,321,47,W47
322,20141118,11/18/2014,?11?/?18?/?2014,2014,11,18,November,Nov,Tuesday,Tue,2,4,Q4,322,47,W47
323,20141119,11/19/2014,?11?/?19?/?2014,2014,11,19,November,Nov,Wednesday,Wed,3,4,Q4,323,47,W47
324,20141120,11/20/2014,?11?/?20?/?2014,2014,11,20,November,Nov,Thursday,Thu,4,4,Q4,324,47,W47
325,20141121,11/21/2014,?11?/?21?/?2014,2014,11,21,November,Nov,Friday,Fri,5,4,Q4,325,47,W47
326,20141122,11/22/2014,?11?/?22?/?2014,2014,11,22,November,Nov,Saturday,Sat,6,4,Q4,326,47,W47
327,20141123,11/23/2014,?11?/?23?/?2014,2014,11,23,November,Nov,Sunday,Sun,7,4,Q4,327,47,W47
328,20141124,11/24/2014,?11?/?24?/?2014,2014,11,24,November,Nov,Monday,Mon,1,4,Q4,328,48,W48
329,20141125,11/25/2014,?11?/?25?/?2014,2014,11,25,November,Nov,Tuesday,Tue,2,4,Q4,329,48,W48
330,20141126,11/26/2014,?11?/?26?/?2014,2014,11,26,November,Nov,Wednesday,Wed,3,4,Q4,330,48,W48
331,20141127,11/27/2014,?11?/?27?/?2014,2014,11,27,November,Nov,Thursday,Thu,4,4,Q4,331,48,W48
332,20141128,11/28/2014,?11?/?28?/?2014,2014,11,28,November,Nov,Friday,Fri,5,4,Q4,332,48,W48
333,20141129,11/29/2014,?11?/?29?/?2014,2014,11,29,November,Nov,Saturday,Sat,6,4,Q4,333,48,W48
334,20141130,11/30/2014,?11?/?30?/?2014,2014,11,30,November,Nov,Sunday,Sun,7,4,Q4,334,48,W48
335,20141201,12/1/2014,?12?/?1?/?2014,2014,12,1,December,Dec,Monday,Mon,1,4,Q4,335,49,W49
336,20141202,12/2/2014,?12?/?2?/?2014,2014,12,2,December,Dec,Tuesday,Tue,2,4,Q4,336,49,W49
337,20141203,12/3/2014,?12?/?3?/?2014,2014,12,3,December,Dec,Wednesday,Wed,3,4,Q4,337,49,W49
338,20141204,12/4/2014,?12?/?4?/?2014,2014,12,4,December,Dec,Thursday,Thu,4,4,Q4,338,49,W49
339,20141205,12/5/2014,?12?/?5?/?2014,2014,12,5,December,Dec,Friday,Fri,5,4,Q4,339,49,W49
340,20141206,12/6/2014,?12?/?6?/?2014,2014,12,6,December,Dec,Saturday,Sat,6,4,Q4,340,49,W49
341,20141207,12/7/2014,?12?/?7?/?2014,2014,12,7,December,Dec,Sunday,Sun,7,4,Q4,341,49,W49
342,20141208,12/8/2014,?12?/?8?/?2014,2014,12,8,December,Dec,Monday,Mon,1,4,Q4,342,50,W50
343,20141209,12/9/2014,?12?/?9?/?2014,2014,12,9,December,Dec,Tuesday,Tue,2,4,Q4,343,50,W50
344,20141210,12/10/2014,?12?/?10?/?2014,2014,12,10,December,Dec,Wednesday,Wed,3,4,Q4,344,50,W50
345,20141211,12/11/2014,?12?/?11?/?2014,2014,12,11,December,Dec,Thursday,Thu,4,4,Q4,345,50,W50
346,20141212,12/12/2014,?12?/?12?/?2014,2014,12,12,December,Dec,Friday,Fri,5,4,Q4,346,50,W50
347,20141213,12/13/2014,?12?/?13?/?2014,2014,12,13,December,Dec,Saturday,Sat,6,4,Q4,347,50,W50
348,20141214,12/14/2014,?12?/?14?/?2014,2014,12,14,December,Dec,Sunday,Sun,7,4,Q4,348,50,W50
349,20141215,12/15/2014,?12?/?15?/?2014,2014,12,15,December,Dec,Monday,Mon,1,4,Q4,349,51,W51
350,20141216,12/16/2014,?12?/?16?/?2014,2014,12,16,December,Dec,Tuesday,Tue,2,4,Q4,350,51,W51
351,20141217,12/17/2014,?12?/?17?/?2014,2014,12,17,December,Dec,Wednesday,Wed,3,4,Q4,351,51,W51
352,20141218,12/18/2014,?12?/?18?/?2014,2014,12,18,December,Dec,Thursday,Thu,4,4,Q4,352,51,W51
353,20141219,12/19/2014,?12?/?19?/?2014,2014,12,19,December,Dec,Friday,Fri,5,4,Q4,353,51,W51
354,20141220,12/20/2014,?12?/?20?/?2014,2014,12,20,December,Dec,Saturday,Sat,6,4,Q4,354,51,W51
355,20141221,12/21/2014,?12?/?21?/?2014,2014,12,21,December,Dec,Sunday,Sun,7,4,Q4,355,51,W51
356,20141222,12/22/2014,?12?/?22?/?2014,2014,12,22,December,Dec,Monday,Mon,1,4,Q4,356,52,W52
357,20141223,12/23/2014,?12?/?23?/?2014,2014,12,23,December,Dec,Tuesday,Tue,2,4,Q4,357,52,W52
358,20141224,12/24/2014,?12?/?24?/?2014,2014,12,24,December,Dec,Wednesday,Wed,3,4,Q4,358,52,W52
359,20141225,12/25/2014,?12?/?25?/?2014,2014,12,25,December,Dec,Thursday,Thu,4,4,Q4,359,52,W52
360,20141226,12/26/2014,?12?/?26?/?2014,2014,12,26,December,Dec,Friday,Fri,5,4,Q4,360,52,W52
361,20141227,12/27/2014,?12?/?27?/?2014,2014,12,27,December,Dec,Saturday,Sat,6,4,Q4,361,52,W52
362,20141228,12/28/2014,?12?/?28?/?2014,2014,12,28,December,Dec,Sunday,Sun,7,4,Q4,362,52,W52
363,20141229,12/29/2014,?12?/?29?/?2014,2014,12,29,December,Dec,Monday,Mon,1,4,Q4,363,1,W1
364,20141230,12/30/2014,?12?/?30?/?2014,2014,12,30,December,Dec,Tuesday,Tue,2,4,Q4,364,1,W1
365,20141231,12/31/2014,?12?/?31?/?2014,2014,12,31,December,Dec,Wednesday,Wed,3,4,Q4,365,1,W1
366,20150101,1/1/2015,?1?/?1?/?2015,2015,1,1,January,Jan,Thursday,Thu,4,1,Q1,1,1,W1
367,20150102,1/2/2015,?1?/?2?/?2015,2015,1,2,January,Jan,Friday,Fri,5,1,Q1,2,1,W1
368,20150103,1/3/2015,?1?/?3?/?2015,2015,1,3,January,Jan,Saturday,Sat,6,1,Q1,3,1,W1
369,20150104,1/4/2015,?1?/?4?/?2015,2015,1,4,January,Jan,Sunday,Sun,7,1,Q1,4,1,W1
370,20150105,1/5/2015,?1?/?5?/?2015,2015,1,5,January,Jan,Monday,Mon,1,1,Q1,5,2,W2
371,20150106,1/6/2015,?1?/?6?/?2015,2015,1,6,January,Jan,Tuesday,Tue,2,1,Q1,6,2,W2
372,20150107,1/7/2015,?1?/?7?/?2015,2015,1,7,January,Jan,Wednesday,Wed,3,1,Q1,7,2,W2
373,20150108,1/8/2015,?1?/?8?/?2015,2015,1,8,January,Jan,Thursday,Thu,4,1,Q1,8,2,W2
374,20150109,1/9/2015,?1?/?9?/?2015,2015,1,9,January,Jan,Friday,Fri,5,1,Q1,9,2,W2
375,20150110,1/10/2015,?1?/?10?/?2015,2015,1,10,January,Jan,Saturday,Sat,6,1,Q1,10,2,W2
376,20150111,1/11/2015,?1?/?11?/?2015,2015,1,11,January,Jan,Sunday,Sun,7,1,Q1,11,2,W2
377,20150112,1/12/2015,?1?/?12?/?2015,2015,1,12,January,Jan,Monday,Mon,1,1,Q1,12,3,W3
378,20150113,1/13/2015,?1?/?13?/?2015,2015,1,13,January,Jan,Tuesday,Tue,2,1,Q1,13,3,W3
379,20150114,1/14/2015,?1?/?14?/?2015,2015,1,14,January,Jan,Wednesday,Wed,3,1,Q1,14,3,W3
380,20150115,1/15/2015,?1?/?15?/?2015,2015,1,15,January,Jan,Thursday,Thu,4,1,Q1,15,3,W3
381,20150116,1/16/2015,?1?/?16?/?2015,2015,1,16,January,Jan,Friday,Fri,5,1,Q1,16,3,W3
382,20150117,1/17/2015,?1?/?17?/?2015,2015,1,17,January,Jan,Saturday,Sat,6,1,Q1,17,3,W3
383,20150118,1/18/2015,?1?/?18?/?2015,2015,1,18,January,Jan,Sunday,Sun,7,1,Q1,18,3,W3
384,20150119,1/19/2015,?1?/?19?/?2015,2015,1,19,January,Jan,Monday,Mon,1,1,Q1,19,4,W4
385,20150120,1/20/2015,?1?/?20?/?2015,2015,1,20,January,Jan,Tuesday,Tue,2,1,Q1,20,4,W4
386,20150121,1/21/2015,?1?/?21?/?2015,2015,1,21,January,Jan,Wednesday,Wed,3,1,Q1,21,4,W4
387,20150122,1/22/2015,?1?/?22?/?2015,2015,1,22,January,Jan,Thursday,Thu,4,1,Q1,22,4,W4
388,20150123,1/23/2015,?1?/?23?/?2015,2015,1,23,January,Jan,Friday,Fri,5,1,Q1,23,4,W4
389,20150124,1/24/2015,?1?/?24?/?2015,2015,1,24,January,Jan,Saturday,Sat,6,1,Q1,24,4,W4
390,20150125,1/25/2015,?1?/?25?/?2015,2015,1,25,January,Jan,Sunday,Sun,7,1,Q1,25,4,W4
391,20150126,1/26/2015,?1?/?26?/?2015,2015,1,26,January,Jan,Monday,Mon,1,1,Q1,26,5,W5
392,20150127,1/27/2015,?1?/?27?/?2015,2015,1,27,January,Jan,Tuesday,Tue,2,1,Q1,27,5,W5
393,20150128,1/28/2015,?1?/?28?/?2015,2015,1,28,January,Jan,Wednesday,Wed,3,1,Q1,28,5,W5
394,20150129,1/29/2015,?1?/?29?/?2015,2015,1,29,January,Jan,Thursday,Thu,4,1,Q1,29,5,W5
395,20150130,1/30/2015,?1?/?30?/?2015,2015,1,30,January,Jan,Friday,Fri,5,1,Q1,30,5,W5
396,20150131,1/31/2015,?1?/?31?/?2015,2015,1,31,January,Jan,Saturday,Sat,6,1,Q1,31,5,W5
397,20150201,2/1/2015,?2?/?1?/?2015,2015,2,1,February,Feb,Sunday,Sun,7,1,Q1,32,5,W5
398,20150202,2/2/2015,?2?/?2?/?2015,2015,2,2,February,Feb,Monday,Mon,1,1,Q1,33,6,W6
399,20150203,2/3/2015,?2?/?3?/?2015,2015,2,3,February,Feb,Tuesday,Tue,2,1,Q1,34,6,W6
400,20150204,2/4/2015,?2?/?4?/?2015,2015,2,4,February,Feb,Wednesday,Wed,3,1,Q1,35,6,W6
401,20150205,2/5/2015,?2?/?5?/?2015,2015,2,5,February,Feb,Thursday,Thu,4,1,Q1,36,6,W6
402,20150206,2/6/2015,?2?/?6?/?2015,2015,2,6,February,Feb,Friday,Fri,5,1,Q1,37,6,W6
403,20150207,2/7/2015,?2?/?7?/?2015,2015,2,7,February,Feb,Saturday,Sat,6,1,Q1,38,6,W6
404,20150208,2/8/2015,?2?/?8?/?2015,2015,2,8,February,Feb,Sunday,Sun,7,1,Q1,39,6,W6
405,20150209,2/9/2015,?2?/?9?/?2015,2015,2,9,February,Feb,Monday,Mon,1,1,Q1,40,7,W7
406,20150210,2/10/2015,?2?/?10?/?2015,2015,2,10,February,Feb,Tuesday,Tue,2,1,Q1,41,7,W7
407,20150211,2/11/2015,?2?/?11?/?2015,2015,2,11,February,Feb,Wednesday,Wed,3,1,Q1,42,7,W7
408,20150212,2/12/2015,?2?/?12?/?2015,2015,2,12,February,Feb,Thursday,Thu,4,1,Q1,43,7,W7
409,20150213,2/13/2015,?2?/?13?/?2015,2015,2,13,February,Feb,Friday,Fri,5,1,Q1,44,7,W7
410,20150214,2/14/2015,?2?/?14?/?2015,2015,2,14,February,Feb,Saturday,Sat,6,1,Q1,45,7,W7
411,20150215,2/15/2015,?2?/?15?/?2015,2015,2,15,February,Feb,Sunday,Sun,7,1,Q1,46,7,W7
412,20150216,2/16/2015,?2?/?16?/?2015,2015,2,16,February,Feb,Monday,Mon,1,1,Q1,47,8,W8
413,20150217,2/17/2015,?2?/?17?/?2015,2015,2,17,February,Feb,Tuesday,Tue,2,1,Q1,48,8,W8
414,20150218,2/18/2015,?2?/?18?/?2015,2015,2,18,February,Feb,Wednesday,Wed,3,1,Q1,49,8,W8
415,20150219,2/19/2015,?2?/?19?/?2015,2015,2,19,February,Feb,Thursday,Thu,4,1,Q1,50,8,W8
416,20150220,2/20/2015,?2?/?20?/?2015,2015,2,20,February,Feb,Friday,Fri,5,1,Q1,51,8,W8
417,20150221,2/21/2015,?2?/?21?/?2015,2015,2,21,February,Feb,Saturday,Sat,6,1,Q1,52,8,W8
418,20150222,2/22/2015,?2?/?22?/?2015,2015,2,22,February,Feb,Sunday,Sun,7,1,Q1,53,8,W8
419,20150223,2/23/2015,?2?/?23?/?2015,2015,2,23,February,Feb,Monday,Mon,1,1,Q1,54,9,W9
420,20150224,2/24/2015,?2?/?24?/?2015,2015,2,24,February,Feb,Tuesday,Tue,2,1,Q1,55,9,W9
421,20150225,2/25/2015,?2?/?25?/?2015,2015,2,25,February,Feb,Wednesday,Wed,3,1,Q1,56,9,W9
422,20150226,2/26/2015,?2?/?26?/?2015,2015,2,26,February,Feb,Thursday,Thu,4,1,Q1,57,9,W9
423,20150227,2/27/2015,?2?/?27?/?2015,2015,2,27,February,Feb,Friday,Fri,5,1,Q1,58,9,W9
424,20150228,2/28/2015,?2?/?28?/?2015,2015,2,28,February,Feb,Saturday,Sat,6,1,Q1,59,9,W9
425,20150301,3/1/2015,?3?/?1?/?2015,2015,3,1,March,Mar,Sunday,Sun,7,1,Q1,60,9,W9
426,20150302,3/2/2015,?3?/?2?/?2015,2015,3,2,March,Mar,Monday,Mon,1,1,Q1,61,10,W10
427,20150303,3/3/2015,?3?/?3?/?2015,2015,3,3,March,Mar,Tuesday,Tue,2,1,Q1,62,10,W10
428,20150304,3/4/2015,?3?/?4?/?2015,2015,3,4,March,Mar,Wednesday,Wed,3,1,Q1,63,10,W10
429,20150305,3/5/2015,?3?/?5?/?2015,2015,3,5,March,Mar,Thursday,Thu,4,1,Q1,64,10,W10
430,20150306,3/6/2015,?3?/?6?/?2015,2015,3,6,March,Mar,Friday,Fri,5,1,Q1,65,10,W10
431,20150307,3/7/2015,?3?/?7?/?2015,2015,3,7,March,Mar,Saturday,Sat,6,1,Q1,66,10,W10
432,20150308,3/8/2015,?3?/?8?/?2015,2015,3,8,March,Mar,Sunday,Sun,7,1,Q1,67,10,W10
433,20150309,3/9/2015,?3?/?9?/?2015,2015,3,9,March,Mar,Monday,Mon,1,1,Q1,67,11,W11
434,20150310,3/10/2015,?3?/?10?/?2015,2015,3,10,March,Mar,Tuesday,Tue,2,1,Q1,68,11,W11
435,20150311,3/11/2015,?3?/?11?/?2015,2015,3,11,March,Mar,Wednesday,Wed,3,1,Q1,69,11,W11
436,20150312,3/12/2015,?3?/?12?/?2015,2015,3,12,March,Mar,Thursday,Thu,4,1,Q1,70,11,W11
437,20150313,3/13/2015,?3?/?13?/?2015,2015,3,13,March,Mar,Friday,Fri,5,1,Q1,71,11,W11
438,20150314,3/14/2015,?3?/?14?/?2015,2015,3,14,March,Mar,Saturday,Sat,6,1,Q1,72,11,W11
439,20150315,3/15/2015,?3?/?15?/?2015,2015,3,15,March,Mar,Sunday,Sun,7,1,Q1,73,11,W11
440,20150316,3/16/2015,?3?/?16?/?2015,2015,3,16,March,Mar,Monday,Mon,1,1,Q1,74,12,W12
441,20150317,3/17/2015,?3?/?17?/?2015,2015,3,17,March,Mar,Tuesday,Tue,2,1,Q1,75,12,W12
442,20150318,3/18/2015,?3?/?18?/?2015,2015,3,18,March,Mar,Wednesday,Wed,3,1,Q1,76,12,W12
443,20150319,3/19/2015,?3?/?19?/?2015,2015,3,19,March,Mar,Thursday,Thu,4,1,Q1,77,12,W12
444,20150320,3/20/2015,?3?/?20?/?2015,2015,3,20,March,Mar,Friday,Fri,5,1,Q1,78,12,W12
445,20150321,3/21/2015,?3?/?21?/?2015,2015,3,21,March,Mar,Saturday,Sat,6,1,Q1,79,12,W12
446,20150322,3/22/2015,?3?/?22?/?2015,2015,3,22,March,Mar,Sunday,Sun,7,1,Q1,80,12,W12
447,20150323,3/23/2015,?3?/?23?/?2015,2015,3,23,March,Mar,Monday,Mon,1,1,Q1,81,13,W13
448,20150324,3/24/2015,?3?/?24?/?2015,2015,3,24,March,Mar,Tuesday,Tue,2,1,Q1,82,13,W13
449,20150325,3/25/2015,?3?/?25?/?2015,2015,3,25,March,Mar,Wednesday,Wed,3,1,Q1,83,13,W13
450,20150326,3/26/2015,?3?/?26?/?2015,2015,3,26,March,Mar,Thursday,Thu,4,1,Q1,84,13,W13
451,20150327,3/27/2015,?3?/?27?/?2015,2015,3,27,March,Mar,Friday,Fri,5,1,Q1,85,13,W13
452,20150328,3/28/2015,?3?/?28?/?2015,2015,3,28,March,Mar,Saturday,Sat,6,1,Q1,86,13,W13
453,20150329,3/29/2015,?3?/?29?/?2015,2015,3,29,March,Mar,Sunday,Sun,7,1,Q1,87,13,W13
454,20150330,3/30/2015,?3?/?30?/?2015,2015,3,30,March,Mar,Monday,Mon,1,1,Q1,88,14,W14
455,20150331,3/31/2015,?3?/?31?/?2015,2015,3,31,March,Mar,Tuesday,Tue,2,1,Q1,89,14,W14
456,20150401,4/1/2015,?4?/?1?/?2015,2015,4,1,April,Apr,Wednesday,Wed,3,2,Q2,90,14,W14
457,20150402,4/2/2015,?4?/?2?/?2015,2015,4,2,April,Apr,Thursday,Thu,4,2,Q2,91,14,W14
458,20150403,4/3/2015,?4?/?3?/?2015,2015,4,3,April,Apr,Friday,Fri,5,2,Q2,92,14,W14
459,20150404,4/4/2015,?4?/?4?/?2015,2015,4,4,April,Apr,Saturday,Sat,6,2,Q2,93,14,W14
460,20150405,4/5/2015,?4?/?5?/?2015,2015,4,5,April,Apr,Sunday,Sun,7,2,Q2,94,14,W14
461,20150406,4/6/2015,?4?/?6?/?2015,2015,4,6,April,Apr,Monday,Mon,1,2,Q2,95,15,W15
462,20150407,4/7/2015,?4?/?7?/?2015,2015,4,7,April,Apr,Tuesday,Tue,2,2,Q2,96,15,W15
463,20150408,4/8/2015,?4?/?8?/?2015,2015,4,8,April,Apr,Wednesday,Wed,3,2,Q2,97,15,W15
464,20150409,4/9/2015,?4?/?9?/?2015,2015,4,9,April,Apr,Thursday,Thu,4,2,Q2,98,15,W15
465,20150410,4/10/2015,?4?/?10?/?2015,2015,4,10,April,Apr,Friday,Fri,5,2,Q2,99,15,W15
466,20150411,4/11/2015,?4?/?11?/?2015,2015,4,11,April,Apr,Saturday,Sat,6,2,Q2,100,15,W15
467,20150412,4/12/2015,?4?/?12?/?2015,2015,4,12,April,Apr,Sunday,Sun,7,2,Q2,101,15,W15
468,20150413,4/13/2015,?4?/?13?/?2015,2015,4,13,April,Apr,Monday,Mon,1,2,Q2,102,16,W16
469,20150414,4/14/2015,?4?/?14?/?2015,2015,4,14,April,Apr,Tuesday,Tue,2,2,Q2,103,16,W16
470,20150415,4/15/2015,?4?/?15?/?2015,2015,4,15,April,Apr,Wednesday,Wed,3,2,Q2,104,16,W16
471,20150416,4/16/2015,?4?/?16?/?2015,2015,4,16,April,Apr,Thursday,Thu,4,2,Q2,105,16,W16
472,20150417,4/17/2015,?4?/?17?/?2015,2015,4,17,April,Apr,Friday,Fri,5,2,Q2,106,16,W16
473,20150418,4/18/2015,?4?/?18?/?2015,2015,4,18,April,Apr,Saturday,Sat,6,2,Q2,107,16,W16
474,20150419,4/19/2015,?4?/?19?/?2015,2015,4,19,April,Apr,Sunday,Sun,7,2,Q2,108,16,W16
475,20150420,4/20/2015,?4?/?20?/?2015,2015,4,20,April,Apr,Monday,Mon,1,2,Q2,109,17,W17
476,20150421,4/21/2015,?4?/?21?/?2015,2015,4,21,April,Apr,Tuesday,Tue,2,2,Q2,110,17,W17
477,20150422,4/22/2015,?4?/?22?/?2015,2015,4,22,April,Apr,Wednesday,Wed,3,2,Q2,111,17,W17
478,20150423,4/23/2015,?4?/?23?/?2015,2015,4,23,April,Apr,Thursday,Thu,4,2,Q2,112,17,W17
479,20150424,4/24/2015,?4?/?24?/?2015,2015,4,24,April,Apr,Friday,Fri,5,2,Q2,113,17,W17
480,20150425,4/25/2015,?4?/?25?/?2015,2015,4,25,April,Apr,Saturday,Sat,6,2,Q2,114,17,W17
481,20150426,4/26/2015,?4?/?26?/?2015,2015,4,26,April,Apr,Sunday,Sun,7,2,Q2,115,17,W17
482,20150427,4/27/2015,?4?/?27?/?2015,2015,4,27,April,Apr,Monday,Mon,1,2,Q2,116,18,W18
483,20150428,4/28/2015,?4?/?28?/?2015,2015,4,28,April,Apr,Tuesday,Tue,2,2,Q2,117,18,W18
484,20150429,4/29/2015,?4?/?29?/?2015,2015,4,29,April,Apr,Wednesday,Wed,3,2,Q2,118,18,W18
485,20150430,4/30/2015,?4?/?30?/?2015,2015,4,30,April,Apr,Thursday,Thu,4,2,Q2,119,18,W18
486,20150501,5/1/2015,?5?/?1?/?2015,2015,5,1,May,May,Friday,Fri,5,2,Q2,120,18,W18
487,20150502,5/2/2015,?5?/?2?/?2015,2015,5,2,May,May,Saturday,Sat,6,2,Q2,121,18,W18
488,20150503,5/3/2015,?5?/?3?/?2015,2015,5,3,May,May,Sunday,Sun,7,2,Q2,122,18,W18
489,20150504,5/4/2015,?5?/?4?/?2015,2015,5,4,May,May,Monday,Mon,1,2,Q2,123,19,W19
490,20150505,5/5/2015,?5?/?5?/?2015,2015,5,5,May,May,Tuesday,Tue,2,2,Q2,124,19,W19
491,20150506,5/6/2015,?5?/?6?/?2015,2015,5,6,May,May,Wednesday,Wed,3,2,Q2,125,19,W19
492,20150507,5/7/2015,?5?/?7?/?2015,2015,5,7,May,May,Thursday,Thu,4,2,Q2,126,19,W19
493,20150508,5/8/2015,?5?/?8?/?2015,2015,5,8,May,May,Friday,Fri,5,2,Q2,127,19,W19
494,20150509,5/9/2015,?5?/?9?/?2015,2015,5,9,May,May,Saturday,Sat,6,2,Q2,128,19,W19
495,20150510,5/10/2015,?5?/?10?/?2015,2015,5,10,May,May,Sunday,Sun,7,2,Q2,129,19,W19
496,20150511,5/11/2015,?5?/?11?/?2015,2015,5,11,May,May,Monday,Mon,1,2,Q2,130,20,W20
497,20150512,5/12/2015,?5?/?12?/?2015,2015,5,12,May,May,Tuesday,Tue,2,2,Q2,131,20,W20
498,20150513,5/13/2015,?5?/?13?/?2015,2015,5,13,May,May,Wednesday,Wed,3,2,Q2,132,20,W20
499,20150514,5/14/2015,?5?/?14?/?2015,2015,5,14,May,May,Thursday,Thu,4,2,Q2,133,20,W20
500,20150515,5/15/2015,?5?/?15?/?2015,2015,5,15,May,May,Friday,Fri,5,2,Q2,134,20,W20
501,20150516,5/16/2015,?5?/?16?/?2015,2015,5,16,May,May,Saturday,Sat,6,2,Q2,135,20,W20
502,20150517,5/17/2015,?5?/?17?/?2015,2015,5,17,May,May,Sunday,Sun,7,2,Q2,136,20,W20
503,20150518,5/18/2015,?5?/?18?/?2015,2015,5,18,May,May,Monday,Mon,1,2,Q2,137,21,W21
504,20150519,5/19/2015,?5?/?19?/?2015,2015,5,19,May,May,Tuesday,Tue,2,2,Q2,138,21,W21
505,20150520,5/20/2015,?5?/?20?/?2015,2015,5,20,May,May,Wednesday,Wed,3,2,Q2,139,21,W21
506,20150521,5/21/2015,?5?/?21?/?2015,2015,5,21,May,May,Thursday,Thu,4,2,Q2,140,21,W21
507,20150522,5/22/2015,?5?/?22?/?2015,2015,5,22,May,May,Friday,Fri,5,2,Q2,141,21,W21
508,20150523,5/23/2015,?5?/?23?/?2015,2015,5,23,May,May,Saturday,Sat,6,2,Q2,142,21,W21
509,20150524,5/24/2015,?5?/?24?/?2015,2015,5,24,May,May,Sunday,Sun,7,2,Q2,143,21,W21
510,20150525,5/25/2015,?5?/?25?/?2015,2015,5,25,May,May,Monday,Mon,1,2,Q2,144,22,W22
511,20150526,5/26/2015,?5?/?26?/?2015,2015,5,26,May,May,Tuesday,Tue,2,2,Q2,145,22,W22
512,20150527,5/27/2015,?5?/?27?/?2015,2015,5,27,May,May,Wednesday,Wed,3,2,Q2,146,22,W22
513,20150528,5/28/2015,?5?/?28?/?2015,2015,5,28,May,May,Thursday,Thu,4,2,Q2,147,22,W22
514,20150529,5/29/2015,?5?/?29?/?2015,2015,5,29,May,May,Friday,Fri,5,2,Q2,148,22,W22
515,20150530,5/30/2015,?5?/?30?/?2015,2015,5,30,May,May,Saturday,Sat,6,2,Q2,149,22,W22
516,20150531,5/31/2015,?5?/?31?/?2015,2015,5,31,May,May,Sunday,Sun,7,2,Q2,150,22,W22
517,20150601,6/1/2015,?6?/?1?/?2015,2015,6,1,June,Jun,Monday,Mon,1,2,Q2,151,23,W23
518,20150602,6/2/2015,?6?/?2?/?2015,2015,6,2,June,Jun,Tuesday,Tue,2,2,Q2,152,23,W23
519,20150603,6/3/2015,?6?/?3?/?2015,2015,6,3,June,Jun,Wednesday,Wed,3,2,Q2,153,23,W23
520,20150604,6/4/2015,?6?/?4?/?2015,2015,6,4,June,Jun,Thursday,Thu,4,2,Q2,154,23,W23
521,20150605,6/5/2015,?6?/?5?/?2015,2015,6,5,June,Jun,Friday,Fri,5,2,Q2,155,23,W23
522,20150606,6/6/2015,?6?/?6?/?2015,2015,6,6,June,Jun,Saturday,Sat,6,2,Q2,156,23,W23
523,20150607,6/7/2015,?6?/?7?/?2015,2015,6,7,June,Jun,Sunday,Sun,7,2,Q2,157,23,W23
524,20150608,6/8/2015,?6?/?8?/?2015,2015,6,8,June,Jun,Monday,Mon,1,2,Q2,158,24,W24
525,20150609,6/9/2015,?6?/?9?/?2015,2015,6,9,June,Jun,Tuesday,Tue,2,2,Q2,159,24,W24
526,20150610,6/10/2015,?6?/?10?/?2015,2015,6,10,June,Jun,Wednesday,Wed,3,2,Q2,160,24,W24
527,20150611,6/11/2015,?6?/?11?/?2015,2015,6,11,June,Jun,Thursday,Thu,4,2,Q2,161,24,W24
528,20150612,6/12/2015,?6?/?12?/?2015,2015,6,12,June,Jun,Friday,Fri,5,2,Q2,162,24,W24
529,20150613,6/13/2015,?6?/?13?/?2015,2015,6,13,June,Jun,Saturday,Sat,6,2,Q2,163,24,W24
530,20150614,6/14/2015,?6?/?14?/?2015,2015,6,14,June,Jun,Sunday,Sun,7,2,Q2,164,24,W24
531,20150615,6/15/2015,?6?/?15?/?2015,2015,6,15,June,Jun,Monday,Mon,1,2,Q2,165,25,W25
532,20150616,6/16/2015,?6?/?16?/?2015,2015,6,16,June,Jun,Tuesday,Tue,2,2,Q2,166,25,W25
533,20150617,6/17/2015,?6?/?17?/?2015,2015,6,17,June,Jun,Wednesday,Wed,3,2,Q2,167,25,W25
534,20150618,6/18/2015,?6?/?18?/?2015,2015,6,18,June,Jun,Thursday,Thu,4,2,Q2,168,25,W25
535,20150619,6/19/2015,?6?/?19?/?2015,2015,6,19,June,Jun,Friday,Fri,5,2,Q2,169,25,W25
536,20150620,6/20/2015,?6?/?20?/?2015,2015,6,20,June,Jun,Saturday,Sat,6,2,Q2,170,25,W25
537,20150621,6/21/2015,?6?/?21?/?2015,2015,6,21,June,Jun,Sunday,Sun,7,2,Q2,171,25,W25
538,20150622,6/22/2015,?6?/?22?/?2015,2015,6,22,June,Jun,Monday,Mon,1,2,Q2,172,26,W26
539,20150623,6/23/2015,?6?/?23?/?2015,2015,6,23,June,Jun,Tuesday,Tue,2,2,Q2,173,26,W26
540,20150624,6/24/2015,?6?/?24?/?2015,2015,6,24,June,Jun,Wednesday,Wed,3,2,Q2,174,26,W26
541,20150625,6/25/2015,?6?/?25?/?2015,2015,6,25,June,Jun,Thursday,Thu,4,2,Q2,175,26,W26
542,20150626,6/26/2015,?6?/?26?/?2015,2015,6,26,June,Jun,Friday,Fri,5,2,Q2,176,26,W26
543,20150627,6/27/2015,?6?/?27?/?2015,2015,6,27,June,Jun,Saturday,Sat,6,2,Q2,177,26,W26
544,20150628,6/28/2015,?6?/?28?/?2015,2015,6,28,June,Jun,Sunday,Sun,7,2,Q2,178,26,W26
545,20150629,6/29/2015,?6?/?29?/?2015,2015,6,29,June,Jun,Monday,Mon,1,2,Q2,179,27,W27
546,20150630,6/30/2015,?6?/?30?/?2015,2015,6,30,June,Jun,Tuesday,Tue,2,2,Q2,180,27,W27
547,20150701,7/1/2015,?7?/?1?/?2015,2015,7,1,July,Jul,Wednesday,Wed,3,3,Q3,181,27,W27
548,20150702,7/2/2015,?7?/?2?/?2015,2015,7,2,July,Jul,Thursday,Thu,4,3,Q3,182,27,W27
549,20150703,7/3/2015,?7?/?3?/?2015,2015,7,3,July,Jul,Friday,Fri,5,3,Q3,183,27,W27
550,20150704,7/4/2015,?7?/?4?/?2015,2015,7,4,July,Jul,Saturday,Sat,6,3,Q3,184,27,W27
551,20150705,7/5/2015,?7?/?5?/?2015,2015,7,5,July,Jul,Sunday,Sun,7,3,Q3,185,27,W27
552,20150706,7/6/2015,?7?/?6?/?2015,2015,7,6,July,Jul,Monday,Mon,1,3,Q3,186,28,W28
553,20150707,7/7/2015,?7?/?7?/?2015,2015,7,7,July,Jul,Tuesday,Tue,2,3,Q3,187,28,W28
554,20150708,7/8/2015,?7?/?8?/?2015,2015,7,8,July,Jul,Wednesday,Wed,3,3,Q3,188,28,W28
555,20150709,7/9/2015,?7?/?9?/?2015,2015,7,9,July,Jul,Thursday,Thu,4,3,Q3,189,28,W28
556,20150710,7/10/2015,?7?/?10?/?2015,2015,7,10,July,Jul,Friday,Fri,5,3,Q3,190,28,W28
557,20150711,7/11/2015,?7?/?11?/?2015,2015,7,11,July,Jul,Saturday,Sat,6,3,Q3,191,28,W28
558,20150712,7/12/2015,?7?/?12?/?2015,2015,7,12,July,Jul,Sunday,Sun,7,3,Q3,192,28,W28
559,20150713,7/13/2015,?7?/?13?/?2015,2015,7,13,July,Jul,Monday,Mon,1,3,Q3,193,29,W29
560,20150714,7/14/2015,?7?/?14?/?2015,2015,7,14,July,Jul,Tuesday,Tue,2,3,Q3,194,29,W29
561,20150715,7/15/2015,?7?/?15?/?2015,2015,7,15,July,Jul,Wednesday,Wed,3,3,Q3,195,29,W29
562,20150716,7/16/2015,?7?/?16?/?2015,2015,7,16,July,Jul,Thursday,Thu,4,3,Q3,196,29,W29
563,20150717,7/17/2015,?7?/?17?/?2015,2015,7,17,July,Jul,Friday,Fri,5,3,Q3,197,29,W29
564,20150718,7/18/2015,?7?/?18?/?2015,2015,7,18,July,Jul,Saturday,Sat,6,3,Q3,198,29,W29
565,20150719,7/19/2015,?7?/?19?/?2015,2015,7,19,July,Jul,Sunday,Sun,7,3,Q3,199,29,W29
566,20150720,7/20/2015,?7?/?20?/?2015,2015,7,20,July,Jul,Monday,Mon,1,3,Q3,200,30,W30
567,20150721,7/21/2015,?7?/?21?/?2015,2015,7,21,July,Jul,Tuesday,Tue,2,3,Q3,201,30,W30
568,20150722,7/22/2015,?7?/?22?/?2015,2015,7,22,July,Jul,Wednesday,Wed,3,3,Q3,202,30,W30
569,20150723,7/23/2015,?7?/?23?/?2015,2015,7,23,July,Jul,Thursday,Thu,4,3,Q3,203,30,W30
570,20150724,7/24/2015,?7?/?24?/?2015,2015,7,24,July,Jul,Friday,Fri,5,3,Q3,204,30,W30
571,20150725,7/25/2015,?7?/?25?/?2015,2015,7,25,July,Jul,Saturday,Sat,6,3,Q3,205,30,W30
572,20150726,7/26/2015,?7?/?26?/?2015,2015,7,26,July,Jul,Sunday,Sun,7,3,Q3,206,30,W30
573,20150727,7/27/2015,?7?/?27?/?2015,2015,7,27,July,Jul,Monday,Mon,1,3,Q3,207,31,W31
574,20150728,7/28/2015,?7?/?28?/?2015,2015,7,28,July,Jul,Tuesday,Tue,2,3,Q3,208,31,W31
575,20150729,7/29/2015,?7?/?29?/?2015,2015,7,29,July,Jul,Wednesday,Wed,3,3,Q3,209,31,W31
576,20150730,7/30/2015,?7?/?30?/?2015,2015,7,30,July,Jul,Thursday,Thu,4,3,Q3,210,31,W31
577,20150731,7/31/2015,?7?/?31?/?2015,2015,7,31,July,Jul,Friday,Fri,5,3,Q3,211,31,W31
578,20150801,8/1/2015,?8?/?1?/?2015,2015,8,1,August,Aug,Saturday,Sat,6,3,Q3,212,31,W31
579,20150802,8/2/2015,?8?/?2?/?2015,2015,8,2,August,Aug,Sunday,Sun,7,3,Q3,213,31,W31
580,20150803,8/3/2015,?8?/?3?/?2015,2015,8,3,August,Aug,Monday,Mon,1,3,Q3,214,32,W32
581,20150804,8/4/2015,?8?/?4?/?2015,2015,8,4,August,Aug,Tuesday,Tue,2,3,Q3,215,32,W32
582,20150805,8/5/2015,?8?/?5?/?2015,2015,8,5,August,Aug,Wednesday,Wed,3,3,Q3,216,32,W32
583,20150806,8/6/2015,?8?/?6?/?2015,2015,8,6,August,Aug,Thursday,Thu,4,3,Q3,217,32,W32
584,20150807,8/7/2015,?8?/?7?/?2015,2015,8,7,August,Aug,Friday,Fri,5,3,Q3,218,32,W32
585,20150808,8/8/2015,?8?/?8?/?2015,2015,8,8,August,Aug,Saturday,Sat,6,3,Q3,219,32,W32
586,20150809,8/9/2015,?8?/?9?/?2015,2015,8,9,August,Aug,Sunday,Sun,7,3,Q3,220,32,W32
587,20150810,8/10/2015,?8?/?10?/?2015,2015,8,10,August,Aug,Monday,Mon,1,3,Q3,221,33,W33
588,20150811,8/11/2015,?8?/?11?/?2015,2015,8,11,August,Aug,Tuesday,Tue,2,3,Q3,222,33,W33
589,20150812,8/12/2015,?8?/?12?/?2015,2015,8,12,August,Aug,Wednesday,Wed,3,3,Q3,223,33,W33
590,20150813,8/13/2015,?8?/?13?/?2015,2015,8,13,August,Aug,Thursday,Thu,4,3,Q3,224,33,W33
591,20150814,8/14/2015,?8?/?14?/?2015,2015,8,14,August,Aug,Friday,Fri,5,3,Q3,225,33,W33
592,20150815,8/15/2015,?8?/?15?/?2015,2015,8,15,August,Aug,Saturday,Sat,6,3,Q3,226,33,W33
593,20150816,8/16/2015,?8?/?16?/?2015,2015,8,16,August,Aug,Sunday,Sun,7,3,Q3,227,33,W33
594,20150817,8/17/2015,?8?/?17?/?2015,2015,8,17,August,Aug,Monday,Mon,1,3,Q3,228,34,W34
595,20150818,8/18/2015,?8?/?18?/?2015,2015,8,18,August,Aug,Tuesday,Tue,2,3,Q3,229,34,W34
596,20150819,8/19/2015,?8?/?19?/?2015,2015,8,19,August,Aug,Wednesday,Wed,3,3,Q3,230,34,W34
597,20150820,8/20/2015,?8?/?20?/?2015,2015,8,20,August,Aug,Thursday,Thu,4,3,Q3,231,34,W34
598,20150821,8/21/2015,?8?/?21?/?2015,2015,8,21,August,Aug,Friday,Fri,5,3,Q3,232,34,W34
599,20150822,8/22/2015,?8?/?22?/?2015,2015,8,22,August,Aug,Saturday,Sat,6,3,Q3,233,34,W34
600,20150823,8/23/2015,?8?/?23?/?2015,2015,8,23,August,Aug,Sunday,Sun,7,3,Q3,234,34,W34
601,20150824,8/24/2015,?8?/?24?/?2015,2015,8,24,August,Aug,Monday,Mon,1,3,Q3,235,35,W35
602,20150825,8/25/2015,?8?/?25?/?2015,2015,8,25,August,Aug,Tuesday,Tue,2,3,Q3,236,35,W35
603,20150826,8/26/2015,?8?/?26?/?2015,2015,8,26,August,Aug,Wednesday,Wed,3,3,Q3,237,35,W35
604,20150827,8/27/2015,?8?/?27?/?2015,2015,8,27,August,Aug,Thursday,Thu,4,3,Q3,238,35,W35
605,20150828,8/28/2015,?8?/?28?/?2015,2015,8,28,August,Aug,Friday,Fri,5,3,Q3,239,35,W35
606,20150829,8/29/2015,?8?/?29?/?2015,2015,8,29,August,Aug,Saturday,Sat,6,3,Q3,240,35,W35
607,20150830,8/30/2015,?8?/?30?/?2015,2015,8,30,August,Aug,Sunday,Sun,7,3,Q3,241,35,W35
608,20150831,8/31/2015,?8?/?31?/?2015,2015,8,31,August,Aug,Monday,Mon,1,3,Q3,242,36,W36
609,20150901,9/1/2015,?9?/?1?/?2015,2015,9,1,September,Sep,Tuesday,Tue,2,3,Q3,243,36,W36
610,20150902,9/2/2015,?9?/?2?/?2015,2015,9,2,September,Sep,Wednesday,Wed,3,3,Q3,244,36,W36
611,20150903,9/3/2015,?9?/?3?/?2015,2015,9,3,September,Sep,Thursday,Thu,4,3,Q3,245,36,W36
612,20150904,9/4/2015,?9?/?4?/?2015,2015,9,4,September,Sep,Friday,Fri,5,3,Q3,246,36,W36
613,20150905,9/5/2015,?9?/?5?/?2015,2015,9,5,September,Sep,Saturday,Sat,6,3,Q3,247,36,W36
614,20150906,9/6/2015,?9?/?6?/?2015,2015,9,6,September,Sep,Sunday,Sun,7,3,Q3,248,36,W36
615,20150907,9/7/2015,?9?/?7?/?2015,2015,9,7,September,Sep,Monday,Mon,1,3,Q3,249,37,W37
616,20150908,9/8/2015,?9?/?8?/?2015,2015,9,8,September,Sep,Tuesday,Tue,2,3,Q3,250,37,W37
617,20150909,9/9/2015,?9?/?9?/?2015,2015,9,9,September,Sep,Wednesday,Wed,3,3,Q3,251,37,W37
618,20150910,9/10/2015,?9?/?10?/?2015,2015,9,10,September,Sep,Thursday,Thu,4,3,Q3,252,37,W37
619,20150911,9/11/2015,?9?/?11?/?2015,2015,9,11,September,Sep,Friday,Fri,5,3,Q3,253,37,W37
620,20150912,9/12/2015,?9?/?12?/?2015,2015,9,12,September,Sep,Saturday,Sat,6,3,Q3,254,37,W37
621,20150913,9/13/2015,?9?/?13?/?2015,2015,9,13,September,Sep,Sunday,Sun,7,3,Q3,255,37,W37
622,20150914,9/14/2015,?9?/?14?/?2015,2015,9,14,September,Sep,Monday,Mon,1,3,Q3,256,38,W38
623,20150915,9/15/2015,?9?/?15?/?2015,2015,9,15,September,Sep,Tuesday,Tue,2,3,Q3,257,38,W38
624,20150916,9/16/2015,?9?/?16?/?2015,2015,9,16,September,Sep,Wednesday,Wed,3,3,Q3,258,38,W38
625,20150917,9/17/2015,?9?/?17?/?2015,2015,9,17,September,Sep,Thursday,Thu,4,3,Q3,259,38,W38
626,20150918,9/18/2015,?9?/?18?/?2015,2015,9,18,September,Sep,Friday,Fri,5,3,Q3,260,38,W38
627,20150919,9/19/2015,?9?/?19?/?2015,2015,9,19,September,Sep,Saturday,Sat,6,3,Q3,261,38,W38
628,20150920,9/20/2015,?9?/?20?/?2015,2015,9,20,September,Sep,Sunday,Sun,7,3,Q3,262,38,W38
629,20150921,9/21/2015,?9?/?21?/?2015,2015,9,21,September,Sep,Monday,Mon,1,3,Q3,263,39,W39
630,20150922,9/22/2015,?9?/?22?/?2015,2015,9,22,September,Sep,Tuesday,Tue,2,3,Q3,264,39,W39
631,20150923,9/23/2015,?9?/?23?/?2015,2015,9,23,September,Sep,Wednesday,Wed,3,3,Q3,265,39,W39
632,20150924,9/24/2015,?9?/?24?/?2015,2015,9,24,September,Sep,Thursday,Thu,4,3,Q3,266,39,W39
633,20150925,9/25/2015,?9?/?25?/?2015,2015,9,25,September,Sep,Friday,Fri,5,3,Q3,267,39,W39
634,20150926,9/26/2015,?9?/?26?/?2015,2015,9,26,September,Sep,Saturday,Sat,6,3,Q3,268,39,W39
635,20150927,9/27/2015,?9?/?27?/?2015,2015,9,27,September,Sep,Sunday,Sun,7,3,Q3,269,39,W39
636,20150928,9/28/2015,?9?/?28?/?2015,2015,9,28,September,Sep,Monday,Mon,1,3,Q3,270,40,W40
637,20150929,9/29/2015,?9?/?29?/?2015,2015,9,29,September,Sep,Tuesday,Tue,2,3,Q3,271,40,W40
638,20150930,9/30/2015,?9?/?30?/?2015,2015,9,30,September,Sep,Wednesday,Wed,3,3,Q3,272,40,W40
639,20151001,10/1/2015,?10?/?1?/?2015,2015,10,1,October,Oct,Thursday,Thu,4,4,Q4,273,40,W40
640,20151002,10/2/2015,?10?/?2?/?2015,2015,10,2,October,Oct,Friday,Fri,5,4,Q4,274,40,W40
641,20151003,10/3/2015,?10?/?3?/?2015,2015,10,3,October,Oct,Saturday,Sat,6,4,Q4,275,40,W40
642,20151004,10/4/2015,?10?/?4?/?2015,2015,10,4,October,Oct,Sunday,Sun,7,4,Q4,276,40,W40
643,20151005,10/5/2015,?10?/?5?/?2015,2015,10,5,October,Oct,Monday,Mon,1,4,Q4,277,41,W41
644,20151006,10/6/2015,?10?/?6?/?2015,2015,10,6,October,Oct,Tuesday,Tue,2,4,Q4,278,41,W41
645,20151007,10/7/2015,?10?/?7?/?2015,2015,10,7,October,Oct,Wednesday,Wed,3,4,Q4,279,41,W41
646,20151008,10/8/2015,?10?/?8?/?2015,2015,10,8,October,Oct,Thursday,Thu,4,4,Q4,280,41,W41
647,20151009,10/9/2015,?10?/?9?/?2015,2015,10,9,October,Oct,Friday,Fri,5,4,Q4,281,41,W41
648,20151010,10/10/2015,?10?/?10?/?2015,2015,10,10,October,Oct,Saturday,Sat,6,4,Q4,282,41,W41
649,20151011,10/11/2015,?10?/?11?/?2015,2015,10,11,October,Oct,Sunday,Sun,7,4,Q4,283,41,W41
650,20151012,10/12/2015,?10?/?12?/?2015,2015,10,12,October,Oct,Monday,Mon,1,4,Q4,284,42,W42
651,20151013,10/13/2015,?10?/?13?/?2015,2015,10,13,October,Oct,Tuesday,Tue,2,4,Q4,285,42,W42
652,20151014,10/14/2015,?10?/?14?/?2015,2015,10,14,October,Oct,Wednesday,Wed,3,4,Q4,286,42,W42
653,20151015,10/15/2015,?10?/?15?/?2015,2015,10,15,October,Oct,Thursday,Thu,4,4,Q4,287,42,W42
654,20151016,10/16/2015,?10?/?16?/?2015,2015,10,16,October,Oct,Friday,Fri,5,4,Q4,288,42,W42
655,20151017,10/17/2015,?10?/?17?/?2015,2015,10,17,October,Oct,Saturday,Sat,6,4,Q4,289,42,W42
656,20151018,10/18/2015,?10?/?18?/?2015,2015,10,18,October,Oct,Sunday,Sun,7,4,Q4,290,42,W42
657,20151019,10/19/2015,?10?/?19?/?2015,2015,10,19,October,Oct,Monday,Mon,1,4,Q4,291,43,W43
658,20151020,10/20/2015,?10?/?20?/?2015,2015,10,20,October,Oct,Tuesday,Tue,2,4,Q4,292,43,W43
659,20151021,10/21/2015,?10?/?21?/?2015,2015,10,21,October,Oct,Wednesday,Wed,3,4,Q4,293,43,W43
660,20151022,10/22/2015,?10?/?22?/?2015,2015,10,22,October,Oct,Thursday,Thu,4,4,Q4,294,43,W43
661,20151023,10/23/2015,?10?/?23?/?2015,2015,10,23,October,Oct,Friday,Fri,5,4,Q4,295,43,W43
662,20151024,10/24/2015,?10?/?24?/?2015,2015,10,24,October,Oct,Saturday,Sat,6,4,Q4,296,43,W43
663,20151025,10/25/2015,?10?/?25?/?2015,2015,10,25,October,Oct,Sunday,Sun,7,4,Q4,297,43,W43
664,20151026,10/26/2015,?10?/?26?/?2015,2015,10,26,October,Oct,Monday,Mon,1,4,Q4,298,44,W44
665,20151027,10/27/2015,?10?/?27?/?2015,2015,10,27,October,Oct,Tuesday,Tue,2,4,Q4,299,44,W44
666,20151028,10/28/2015,?10?/?28?/?2015,2015,10,28,October,Oct,Wednesday,Wed,3,4,Q4,300,44,W44
667,20151029,10/29/2015,?10?/?29?/?2015,2015,10,29,October,Oct,Thursday,Thu,4,4,Q4,301,44,W44
668,20151030,10/30/2015,?10?/?30?/?2015,2015,10,30,October,Oct,Friday,Fri,5,4,Q4,302,44,W44
669,20151031,10/31/2015,?10?/?31?/?2015,2015,10,31,October,Oct,Saturday,Sat,6,4,Q4,303,44,W44
670,20151101,11/1/2015,?11?/?1?/?2015,2015,11,1,November,Nov,Sunday,Sun,7,4,Q4,304,44,W44
671,20151102,11/2/2015,?11?/?2?/?2015,2015,11,2,November,Nov,Monday,Mon,1,4,Q4,306,45,W45
672,20151103,11/3/2015,?11?/?3?/?2015,2015,11,3,November,Nov,Tuesday,Tue,2,4,Q4,307,45,W45
673,20151104,11/4/2015,?11?/?4?/?2015,2015,11,4,November,Nov,Wednesday,Wed,3,4,Q4,308,45,W45
674,20151105,11/5/2015,?11?/?5?/?2015,2015,11,5,November,Nov,Thursday,Thu,4,4,Q4,309,45,W45
675,20151106,11/6/2015,?11?/?6?/?2015,2015,11,6,November,Nov,Friday,Fri,5,4,Q4,310,45,W45
676,20151107,11/7/2015,?11?/?7?/?2015,2015,11,7,November,Nov,Saturday,Sat,6,4,Q4,311,45,W45
677,20151108,11/8/2015,?11?/?8?/?2015,2015,11,8,November,Nov,Sunday,Sun,7,4,Q4,312,45,W45
678,20151109,11/9/2015,?11?/?9?/?2015,2015,11,9,November,Nov,Monday,Mon,1,4,Q4,313,46,W46
679,20151110,11/10/2015,?11?/?10?/?2015,2015,11,10,November,Nov,Tuesday,Tue,2,4,Q4,314,46,W46
680,20151111,11/11/2015,?11?/?11?/?2015,2015,11,11,November,Nov,Wednesday,Wed,3,4,Q4,315,46,W46
681,20151112,11/12/2015,?11?/?12?/?2015,2015,11,12,November,Nov,Thursday,Thu,4,4,Q4,316,46,W46
682,20151113,11/13/2015,?11?/?13?/?2015,2015,11,13,November,Nov,Friday,Fri,5,4,Q4,317,46,W46
683,20151114,11/14/2015,?11?/?14?/?2015,2015,11,14,November,Nov,Saturday,Sat,6,4,Q4,318,46,W46
684,20151115,11/15/2015,?11?/?15?/?2015,2015,11,15,November,Nov,Sunday,Sun,7,4,Q4,319,46,W46
685,20151116,11/16/2015,?11?/?16?/?2015,2015,11,16,November,Nov,Monday,Mon,1,4,Q4,320,47,W47
686,20151117,11/17/2015,?11?/?17?/?2015,2015,11,17,November,Nov,Tuesday,Tue,2,4,Q4,321,47,W47
687,20151118,11/18/2015,?11?/?18?/?2015,2015,11,18,November,Nov,Wednesday,Wed,3,4,Q4,322,47,W47
688,20151119,11/19/2015,?11?/?19?/?2015,2015,11,19,November,Nov,Thursday,Thu,4,4,Q4,323,47,W47
689,20151120,11/20/2015,?11?/?20?/?2015,2015,11,20,November,Nov,Friday,Fri,5,4,Q4,324,47,W47
690,20151121,11/21/2015,?11?/?21?/?2015,2015,11,21,November,Nov,Saturday,Sat,6,4,Q4,325,47,W47
691,20151122,11/22/2015,?11?/?22?/?2015,2015,11,22,November,Nov,Sunday,Sun,7,4,Q4,326,47,W47
692,20151123,11/23/2015,?11?/?23?/?2015,2015,11,23,November,Nov,Monday,Mon,1,4,Q4,327,48,W48
693,20151124,11/24/2015,?11?/?24?/?2015,2015,11,24,November,Nov,Tuesday,Tue,2,4,Q4,328,48,W48
694,20151125,11/25/2015,?11?/?25?/?2015,2015,11,25,November,Nov,Wednesday,Wed,3,4,Q4,329,48,W48
695,20151126,11/26/2015,?11?/?26?/?2015,2015,11,26,November,Nov,Thursday,Thu,4,4,Q4,330,48,W48
696,20151127,11/27/2015,?11?/?27?/?2015,2015,11,27,November,Nov,Friday,Fri,5,4,Q4,331,48,W48
697,20151128,11/28/2015,?11?/?28?/?2015,2015,11,28,November,Nov,Saturday,Sat,6,4,Q4,332,48,W48
698,20151129,11/29/2015,?11?/?29?/?2015,2015,11,29,November,Nov,Sunday,Sun,7,4,Q4,333,48,W48
699,20151130,11/30/2015,?11?/?30?/?2015,2015,11,30,November,Nov,Monday,Mon,1,4,Q4,334,49,W49
700,20151201,12/1/2015,?12?/?1?/?2015,2015,12,1,December,Dec,Tuesday,Tue,2,4,Q4,335,49,W49
701,20151202,12/2/2015,?12?/?2?/?2015,2015,12,2,December,Dec,Wednesday,Wed,3,4,Q4,336,49,W49
702,20151203,12/3/2015,?12?/?3?/?2015,2015,12,3,December,Dec,Thursday,Thu,4,4,Q4,337,49,W49
703,20151204,12/4/2015,?12?/?4?/?2015,2015,12,4,December,Dec,Friday,Fri,5,4,Q4,338,49,W49
704,20151205,12/5/2015,?12?/?5?/?2015,2015,12,5,December,Dec,Saturday,Sat,6,4,Q4,339,49,W49
705,20151206,12/6/2015,?12?/?6?/?2015,2015,12,6,December,Dec,Sunday,Sun,7,4,Q4,340,49,W49
706,20151207,12/7/2015,?12?/?7?/?2015,2015,12,7,December,Dec,Monday,Mon,1,4,Q4,341,50,W50
707,20151208,12/8/2015,?12?/?8?/?2015,2015,12,8,December,Dec,Tuesday,Tue,2,4,Q4,342,50,W50
708,20151209,12/9/2015,?12?/?9?/?2015,2015,12,9,December,Dec,Wednesday,Wed,3,4,Q4,343,50,W50
709,20151210,12/10/2015,?12?/?10?/?2015,2015,12,10,December,Dec,Thursday,Thu,4,4,Q4,344,50,W50
710,20151211,12/11/2015,?12?/?11?/?2015,2015,12,11,December,Dec,Friday,Fri,5,4,Q4,345,50,W50
711,20151212,12/12/2015,?12?/?12?/?2015,2015,12,12,December,Dec,Saturday,Sat,6,4,Q4,346,50,W50
712,20151213,12/13/2015,?12?/?13?/?2015,2015,12,13,December,Dec,Sunday,Sun,7,4,Q4,347,50,W50
713,20151214,12/14/2015,?12?/?14?/?2015,2015,12,14,December,Dec,Monday,Mon,1,4,Q4,348,51,W51
714,20151215,12/15/2015,?12?/?15?/?2015,2015,12,15,December,Dec,Tuesday,Tue,2,4,Q4,349,51,W51
715,20151216,12/16/2015,?12?/?16?/?2015,2015,12,16,December,Dec,Wednesday,Wed,3,4,Q4,350,51,W51
716,20151217,12/17/2015,?12?/?17?/?2015,2015,12,17,December,Dec,Thursday,Thu,4,4,Q4,351,51,W51
717,20151218,12/18/2015,?12?/?18?/?2015,2015,12,18,December,Dec,Friday,Fri,5,4,Q4,352,51,W51
718,20151219,12/19/2015,?12?/?19?/?2015,2015,12,19,December,Dec,Saturday,Sat,6,4,Q4,353,51,W51
719,20151220,12/20/2015,?12?/?20?/?2015,2015,12,20,December,Dec,Sunday,Sun,7,4,Q4,354,51,W51
720,20151221,12/21/2015,?12?/?21?/?2015,2015,12,21,December,Dec,Monday,Mon,1,4,Q4,355,52,W52
721,20151222,12/22/2015,?12?/?22?/?2015,2015,12,22,December,Dec,Tuesday,Tue,2,4,Q4,356,52,W52
722,20151223,12/23/2015,?12?/?23?/?2015,2015,12,23,December,Dec,Wednesday,Wed,3,4,Q4,357,52,W52
723,20151224,12/24/2015,?12?/?24?/?2015,2015,12,24,December,Dec,Thursday,Thu,4,4,Q4,358,52,W52
724,20151225,12/25/2015,?12?/?25?/?2015,2015,12,25,December,Dec,Friday,Fri,5,4,Q4,359,52,W52
725,20151226,12/26/2015,?12?/?26?/?2015,2015,12,26,December,Dec,Saturday,Sat,6,4,Q4,360,52,W52
726,20151227,12/27/2015,?12?/?27?/?2015,2015,12,27,December,Dec,Sunday,Sun,7,4,Q4,361,52,W52
727,20151228,12/28/2015,?12?/?28?/?2015,2015,12,28,December,Dec,Monday,Mon,1,4,Q4,362,53,W53
728,20151229,12/29/2015,?12?/?29?/?2015,2015,12,29,December,Dec,Tuesday,Tue,2,4,Q4,363,53,W53
729,20151230,12/30/2015,?12?/?30?/?2015,2015,12,30,December,Dec,Wednesday,Wed,3,4,Q4,364,53,W53
730,20151231,12/31/2015,?12?/?31?/?2015,2015,12,31,December,Dec,Thursday,Thu,4,4,Q4,365,53,W53
731,20160101,1/1/2016,?1?/?1?/?2016,2016,1,1,January,Jan,Friday,Fri,5,1,Q1,1,53,W53
732,20160102,1/2/2016,?1?/?2?/?2016,2016,1,2,January,Jan,Saturday,Sat,6,1,Q1,2,53,W53
733,20160103,1/3/2016,?1?/?3?/?2016,2016,1,3,January,Jan,Sunday,Sun,7,1,Q1,3,53,W53
734,20160104,1/4/2016,?1?/?4?/?2016,2016,1,4,January,Jan,Monday,Mon,1,1,Q1,4,1,W1
735,20160105,1/5/2016,?1?/?5?/?2016,2016,1,5,January,Jan,Tuesday,Tue,2,1,Q1,5,1,W1
736,20160106,1/6/2016,?1?/?6?/?2016,2016,1,6,January,Jan,Wednesday,Wed,3,1,Q1,6,1,W1
737,20160107,1/7/2016,?1?/?7?/?2016,2016,1,7,January,Jan,Thursday,Thu,4,1,Q1,7,1,W1
738,20160108,1/8/2016,?1?/?8?/?2016,2016,1,8,January,Jan,Friday,Fri,5,1,Q1,8,1,W1
739,20160109,1/9/2016,?1?/?9?/?2016,2016,1,9,January,Jan,Saturday,Sat,6,1,Q1,9,1,W1
740,20160110,1/10/2016,?1?/?10?/?2016,2016,1,10,January,Jan,Sunday,Sun,7,1,Q1,10,1,W1
741,20160111,1/11/2016,?1?/?11?/?2016,2016,1,11,January,Jan,Monday,Mon,1,1,Q1,11,2,W2
742,20160112,1/12/2016,?1?/?12?/?2016,2016,1,12,January,Jan,Tuesday,Tue,2,1,Q1,12,2,W2
743,20160113,1/13/2016,?1?/?13?/?2016,2016,1,13,January,Jan,Wednesday,Wed,3,1,Q1,13,2,W2
744,20160114,1/14/2016,?1?/?14?/?2016,2016,1,14,January,Jan,Thursday,Thu,4,1,Q1,14,2,W2
745,20160115,1/15/2016,?1?/?15?/?2016,2016,1,15,January,Jan,Friday,Fri,5,1,Q1,15,2,W2
746,20160116,1/16/2016,?1?/?16?/?2016,2016,1,16,January,Jan,Saturday,Sat,6,1,Q1,16,2,W2
747,20160117,1/17/2016,?1?/?17?/?2016,2016,1,17,January,Jan,Sunday,Sun,7,1,Q1,17,2,W2
748,20160118,1/18/2016,?1?/?18?/?2016,2016,1,18,January,Jan,Monday,Mon,1,1,Q1,18,3,W3
749,20160119,1/19/2016,?1?/?19?/?2016,2016,1,19,January,Jan,Tuesday,Tue,2,1,Q1,19,3,W3
750,20160120,1/20/2016,?1?/?20?/?2016,2016,1,20,January,Jan,Wednesday,Wed,3,1,Q1,20,3,W3
751,20160121,1/21/2016,?1?/?21?/?2016,2016,1,21,January,Jan,Thursday,Thu,4,1,Q1,21,3,W3
752,20160122,1/22/2016,?1?/?22?/?2016,2016,1,22,January,Jan,Friday,Fri,5,1,Q1,22,3,W3
753,20160123,1/23/2016,?1?/?23?/?2016,2016,1,23,January,Jan,Saturday,Sat,6,1,Q1,23,3,W3
754,20160124,1/24/2016,?1?/?24?/?2016,2016,1,24,January,Jan,Sunday,Sun,7,1,Q1,24,3,W3
755,20160125,1/25/2016,?1?/?25?/?2016,2016,1,25,January,Jan,Monday,Mon,1,1,Q1,25,4,W4
756,20160126,1/26/2016,?1?/?26?/?2016,2016,1,26,January,Jan,Tuesday,Tue,2,1,Q1,26,4,W4
757,20160127,1/27/2016,?1?/?27?/?2016,2016,1,27,January,Jan,Wednesday,Wed,3,1,Q1,27,4,W4
758,20160128,1/28/2016,?1?/?28?/?2016,2016,1,28,January,Jan,Thursday,Thu,4,1,Q1,28,4,W4
759,20160129,1/29/2016,?1?/?29?/?2016,2016,1,29,January,Jan,Friday,Fri,5,1,Q1,29,4,W4
760,20160130,1/30/2016,?1?/?30?/?2016,2016,1,30,January,Jan,Saturday,Sat,6,1,Q1,30,4,W4
761,20160131,1/31/2016,?1?/?31?/?2016,2016,1,31,January,Jan,Sunday,Sun,7,1,Q1,31,4,W4
762,20160201,2/1/2016,?2?/?1?/?2016,2016,2,1,February,Feb,Monday,Mon,1,1,Q1,32,5,W5
763,20160202,2/2/2016,?2?/?2?/?2016,2016,2,2,February,Feb,Tuesday,Tue,2,1,Q1,33,5,W5
764,20160203,2/3/2016,?2?/?3?/?2016,2016,2,3,February,Feb,Wednesday,Wed,3,1,Q1,34,5,W5
765,20160204,2/4/2016,?2?/?4?/?2016,2016,2,4,February,Feb,Thursday,Thu,4,1,Q1,35,5,W5
766,20160205,2/5/2016,?2?/?5?/?2016,2016,2,5,February,Feb,Friday,Fri,5,1,Q1,36,5,W5
767,20160206,2/6/2016,?2?/?6?/?2016,2016,2,6,February,Feb,Saturday,Sat,6,1,Q1,37,5,W5
768,20160207,2/7/2016,?2?/?7?/?2016,2016,2,7,February,Feb,Sunday,Sun,7,1,Q1,38,5,W5
769,20160208,2/8/2016,?2?/?8?/?2016,2016,2,8,February,Feb,Monday,Mon,1,1,Q1,39,6,W6
770,20160209,2/9/2016,?2?/?9?/?2016,2016,2,9,February,Feb,Tuesday,Tue,2,1,Q1,40,6,W6
771,20160210,2/10/2016,?2?/?10?/?2016,2016,2,10,February,Feb,Wednesday,Wed,3,1,Q1,41,6,W6
772,20160211,2/11/2016,?2?/?11?/?2016,2016,2,11,February,Feb,Thursday,Thu,4,1,Q1,42,6,W6
773,20160212,2/12/2016,?2?/?12?/?2016,2016,2,12,February,Feb,Friday,Fri,5,1,Q1,43,6,W6
774,20160213,2/13/2016,?2?/?13?/?2016,2016,2,13,February,Feb,Saturday,Sat,6,1,Q1,44,6,W6
775,20160214,2/14/2016,?2?/?14?/?2016,2016,2,14,February,Feb,Sunday,Sun,7,1,Q1,45,6,W6
776,20160215,2/15/2016,?2?/?15?/?2016,2016,2,15,February,Feb,Monday,Mon,1,1,Q1,46,7,W7
777,20160216,2/16/2016,?2?/?16?/?2016,2016,2,16,February,Feb,Tuesday,Tue,2,1,Q1,47,7,W7
778,20160217,2/17/2016,?2?/?17?/?2016,2016,2,17,February,Feb,Wednesday,Wed,3,1,Q1,48,7,W7
779,20160218,2/18/2016,?2?/?18?/?2016,2016,2,18,February,Feb,Thursday,Thu,4,1,Q1,49,7,W7
780,20160219,2/19/2016,?2?/?19?/?2016,2016,2,19,February,Feb,Friday,Fri,5,1,Q1,50,7,W7
781,20160220,2/20/2016,?2?/?20?/?2016,2016,2,20,February,Feb,Saturday,Sat,6,1,Q1,51,7,W7
782,20160221,2/21/2016,?2?/?21?/?2016,2016,2,21,February,Feb,Sunday,Sun,7,1,Q1,52,7,W7
783,20160222,2/22/2016,?2?/?22?/?2016,2016,2,22,February,Feb,Monday,Mon,1,1,Q1,53,8,W8
784,20160223,2/23/2016,?2?/?23?/?2016,2016,2,23,February,Feb,Tuesday,Tue,2,1,Q1,54,8,W8
785,20160224,2/24/2016,?2?/?24?/?2016,2016,2,24,February,Feb,Wednesday,Wed,3,1,Q1,55,8,W8
786,20160225,2/25/2016,?2?/?25?/?2016,2016,2,25,February,Feb,Thursday,Thu,4,1,Q1,56,8,W8
787,20160226,2/26/2016,?2?/?26?/?2016,2016,2,26,February,Feb,Friday,Fri,5,1,Q1,57,8,W8
788,20160227,2/27/2016,?2?/?27?/?2016,2016,2,27,February,Feb,Saturday,Sat,6,1,Q1,58,8,W8
789,20160228,2/28/2016,?2?/?28?/?2016,2016,2,28,February,Feb,Sunday,Sun,7,1,Q1,59,8,W8
790,20160229,2/29/2016,?2?/?29?/?2016,2016,2,29,February,Feb,Monday,Mon,1,1,Q1,60,9,W9
791,20160301,3/1/2016,?3?/?1?/?2016,2016,3,1,March,Mar,Tuesday,Tue,2,1,Q1,61,9,W9
792,20160302,3/2/2016,?3?/?2?/?2016,2016,3,2,March,Mar,Wednesday,Wed,3,1,Q1,62,9,W9
793,20160303,3/3/2016,?3?/?3?/?2016,2016,3,3,March,Mar,Thursday,Thu,4,1,Q1,63,9,W9
794,20160304,3/4/2016,?3?/?4?/?2016,2016,3,4,March,Mar,Friday,Fri,5,1,Q1,64,9,W9
795,20160305,3/5/2016,?3?/?5?/?2016,2016,3,5,March,Mar,Saturday,Sat,6,1,Q1,65,9,W9
796,20160306,3/6/2016,?3?/?6?/?2016,2016,3,6,March,Mar,Sunday,Sun,7,1,Q1,66,9,W9
797,20160307,3/7/2016,?3?/?7?/?2016,2016,3,7,March,Mar,Monday,Mon,1,1,Q1,67,10,W10
798,20160308,3/8/2016,?3?/?8?/?2016,2016,3,8,March,Mar,Tuesday,Tue,2,1,Q1,68,10,W10
799,20160309,3/9/2016,?3?/?9?/?2016,2016,3,9,March,Mar,Wednesday,Wed,3,1,Q1,69,10,W10
800,20160310,3/10/2016,?3?/?10?/?2016,2016,3,10,March,Mar,Thursday,Thu,4,1,Q1,70,10,W10
801,20160311,3/11/2016,?3?/?11?/?2016,2016,3,11,March,Mar,Friday,Fri,5,1,Q1,71,10,W10
802,20160312,3/12/2016,?3?/?12?/?2016,2016,3,12,March,Mar,Saturday,Sat,6,1,Q1,72,10,W10
803,20160313,3/13/2016,?3?/?13?/?2016,2016,3,13,March,Mar,Sunday,Sun,7,1,Q1,73,10,W10
804,20160314,3/14/2016,?3?/?14?/?2016,2016,3,14,March,Mar,Monday,Mon,1,1,Q1,73,11,W11
805,20160315,3/15/2016,?3?/?15?/?2016,2016,3,15,March,Mar,Tuesday,Tue,2,1,Q1,74,11,W11
806,20160316,3/16/2016,?3?/?16?/?2016,2016,3,16,March,Mar,Wednesday,Wed,3,1,Q1,75,11,W11
807,20160317,3/17/2016,?3?/?17?/?2016,2016,3,17,March,Mar,Thursday,Thu,4,1,Q1,76,11,W11
808,20160318,3/18/2016,?3?/?18?/?2016,2016,3,18,March,Mar,Friday,Fri,5,1,Q1,77,11,W11
809,20160319,3/19/2016,?3?/?19?/?2016,2016,3,19,March,Mar,Saturday,Sat,6,1,Q1,78,11,W11
810,20160320,3/20/2016,?3?/?20?/?2016,2016,3,20,March,Mar,Sunday,Sun,7,1,Q1,79,11,W11
811,20160321,3/21/2016,?3?/?21?/?2016,2016,3,21,March,Mar,Monday,Mon,1,1,Q1,80,12,W12
812,20160322,3/22/2016,?3?/?22?/?2016,2016,3,22,March,Mar,Tuesday,Tue,2,1,Q1,81,12,W12
813,20160323,3/23/2016,?3?/?23?/?2016,2016,3,23,March,Mar,Wednesday,Wed,3,1,Q1,82,12,W12
814,20160324,3/24/2016,?3?/?24?/?2016,2016,3,24,March,Mar,Thursday,Thu,4,1,Q1,83,12,W12
815,20160325,3/25/2016,?3?/?25?/?2016,2016,3,25,March,Mar,Friday,Fri,5,1,Q1,84,12,W12
816,20160326,3/26/2016,?3?/?26?/?2016,2016,3,26,March,Mar,Saturday,Sat,6,1,Q1,85,12,W12
817,20160327,3/27/2016,?3?/?27?/?2016,2016,3,27,March,Mar,Sunday,Sun,7,1,Q1,86,12,W12
818,20160328,3/28/2016,?3?/?28?/?2016,2016,3,28,March,Mar,Monday,Mon,1,1,Q1,87,13,W13
819,20160329,3/29/2016,?3?/?29?/?2016,2016,3,29,March,Mar,Tuesday,Tue,2,1,Q1,88,13,W13
820,20160330,3/30/2016,?3?/?30?/?2016,2016,3,30,March,Mar,Wednesday,Wed,3,1,Q1,89,13,W13
821,20160331,3/31/2016,?3?/?31?/?2016,2016,3,31,March,Mar,Thursday,Thu,4,1,Q1,90,13,W13
822,20160401,4/1/2016,?4?/?1?/?2016,2016,4,1,April,Apr,Friday,Fri,5,2,Q2,91,13,W13
823,20160402,4/2/2016,?4?/?2?/?2016,2016,4,2,April,Apr,Saturday,Sat,6,2,Q2,92,13,W13
824,20160403,4/3/2016,?4?/?3?/?2016,2016,4,3,April,Apr,Sunday,Sun,7,2,Q2,93,13,W13
825,20160404,4/4/2016,?4?/?4?/?2016,2016,4,4,April,Apr,Monday,Mon,1,2,Q2,94,14,W14
826,20160405,4/5/2016,?4?/?5?/?2016,2016,4,5,April,Apr,Tuesday,Tue,2,2,Q2,95,14,W14
827,20160406,4/6/2016,?4?/?6?/?2016,2016,4,6,April,Apr,Wednesday,Wed,3,2,Q2,96,14,W14
828,20160407,4/7/2016,?4?/?7?/?2016,2016,4,7,April,Apr,Thursday,Thu,4,2,Q2,97,14,W14
829,20160408,4/8/2016,?4?/?8?/?2016,2016,4,8,April,Apr,Friday,Fri,5,2,Q2,98,14,W14
830,20160409,4/9/2016,?4?/?9?/?2016,2016,4,9,April,Apr,Saturday,Sat,6,2,Q2,99,14,W14
831,20160410,4/10/2016,?4?/?10?/?2016,2016,4,10,April,Apr,Sunday,Sun,7,2,Q2,100,14,W14
832,20160411,4/11/2016,?4?/?11?/?2016,2016,4,11,April,Apr,Monday,Mon,1,2,Q2,101,15,W15
833,20160412,4/12/2016,?4?/?12?/?2016,2016,4,12,April,Apr,Tuesday,Tue,2,2,Q2,102,15,W15
834,20160413,4/13/2016,?4?/?13?/?2016,2016,4,13,April,Apr,Wednesday,Wed,3,2,Q2,103,15,W15
835,20160414,4/14/2016,?4?/?14?/?2016,2016,4,14,April,Apr,Thursday,Thu,4,2,Q2,104,15,W15
836,20160415,4/15/2016,?4?/?15?/?2016,2016,4,15,April,Apr,Friday,Fri,5,2,Q2,105,15,W15
837,20160416,4/16/2016,?4?/?16?/?2016,2016,4,16,April,Apr,Saturday,Sat,6,2,Q2,106,15,W15
838,20160417,4/17/2016,?4?/?17?/?2016,2016,4,17,April,Apr,Sunday,Sun,7,2,Q2,107,15,W15
839,20160418,4/18/2016,?4?/?18?/?2016,2016,4,18,April,Apr,Monday,Mon,1,2,Q2,108,16,W16
840,20160419,4/19/2016,?4?/?19?/?2016,2016,4,19,April,Apr,Tuesday,Tue,2,2,Q2,109,16,W16
841,20160420,4/20/2016,?4?/?20?/?2016,2016,4,20,April,Apr,Wednesday,Wed,3,2,Q2,110,16,W16
842,20160421,4/21/2016,?4?/?21?/?2016,2016,4,21,April,Apr,Thursday,Thu,4,2,Q2,111,16,W16
843,20160422,4/22/2016,?4?/?22?/?2016,2016,4,22,April,Apr,Friday,Fri,5,2,Q2,112,16,W16
844,20160423,4/23/2016,?4?/?23?/?2016,2016,4,23,April,Apr,Saturday,Sat,6,2,Q2,113,16,W16
845,20160424,4/24/2016,?4?/?24?/?2016,2016,4,24,April,Apr,Sunday,Sun,7,2,Q2,114,16,W16
846,20160425,4/25/2016,?4?/?25?/?2016,2016,4,25,April,Apr,Monday,Mon,1,2,Q2,115,17,W17
847,20160426,4/26/2016,?4?/?26?/?2016,2016,4,26,April,Apr,Tuesday,Tue,2,2,Q2,116,17,W17
848,20160427,4/27/2016,?4?/?27?/?2016,2016,4,27,April,Apr,Wednesday,Wed,3,2,Q2,117,17,W17
849,20160428,4/28/2016,?4?/?28?/?2016,2016,4,28,April,Apr,Thursday,Thu,4,2,Q2,118,17,W17
850,20160429,4/29/2016,?4?/?29?/?2016,2016,4,29,April,Apr,Friday,Fri,5,2,Q2,119,17,W17
851,20160430,4/30/2016,?4?/?30?/?2016,2016,4,30,April,Apr,Saturday,Sat,6,2,Q2,120,17,W17
852,20160501,5/1/2016,?5?/?1?/?2016,2016,5,1,May,May,Sunday,Sun,7,2,Q2,121,17,W17
853,20160502,5/2/2016,?5?/?2?/?2016,2016,5,2,May,May,Monday,Mon,1,2,Q2,122,18,W18
854,20160503,5/3/2016,?5?/?3?/?2016,2016,5,3,May,May,Tuesday,Tue,2,2,Q2,123,18,W18
855,20160504,5/4/2016,?5?/?4?/?2016,2016,5,4,May,May,Wednesday,Wed,3,2,Q2,124,18,W18
856,20160505,5/5/2016,?5?/?5?/?2016,2016,5,5,May,May,Thursday,Thu,4,2,Q2,125,18,W18
857,20160506,5/6/2016,?5?/?6?/?2016,2016,5,6,May,May,Friday,Fri,5,2,Q2,126,18,W18
858,20160507,5/7/2016,?5?/?7?/?2016,2016,5,7,May,May,Saturday,Sat,6,2,Q2,127,18,W18
859,20160508,5/8/2016,?5?/?8?/?2016,2016,5,8,May,May,Sunday,Sun,7,2,Q2,128,18,W18
860,20160509,5/9/2016,?5?/?9?/?2016,2016,5,9,May,May,Monday,Mon,1,2,Q2,129,19,W19
861,20160510,5/10/2016,?5?/?10?/?2016,2016,5,10,May,May,Tuesday,Tue,2,2,Q2,130,19,W19
862,20160511,5/11/2016,?5?/?11?/?2016,2016,5,11,May,May,Wednesday,Wed,3,2,Q2,131,19,W19
863,20160512,5/12/2016,?5?/?12?/?2016,2016,5,12,May,May,Thursday,Thu,4,2,Q2,132,19,W19
864,20160513,5/13/2016,?5?/?13?/?2016,2016,5,13,May,May,Friday,Fri,5,2,Q2,133,19,W19
865,20160514,5/14/2016,?5?/?14?/?2016,2016,5,14,May,May,Saturday,Sat,6,2,Q2,134,19,W19
866,20160515,5/15/2016,?5?/?15?/?2016,2016,5,15,May,May,Sunday,Sun,7,2,Q2,135,19,W19
867,20160516,5/16/2016,?5?/?16?/?2016,2016,5,16,May,May,Monday,Mon,1,2,Q2,136,20,W20
868,20160517,5/17/2016,?5?/?17?/?2016,2016,5,17,May,May,Tuesday,Tue,2,2,Q2,137,20,W20
869,20160518,5/18/2016,?5?/?18?/?2016,2016,5,18,May,May,Wednesday,Wed,3,2,Q2,138,20,W20
870,20160519,5/19/2016,?5?/?19?/?2016,2016,5,19,May,May,Thursday,Thu,4,2,Q2,139,20,W20
871,20160520,5/20/2016,?5?/?20?/?2016,2016,5,20,May,May,Friday,Fri,5,2,Q2,140,20,W20
872,20160521,5/21/2016,?5?/?21?/?2016,2016,5,21,May,May,Saturday,Sat,6,2,Q2,141,20,W20
873,20160522,5/22/2016,?5?/?22?/?2016,2016,5,22,May,May,Sunday,Sun,7,2,Q2,142,20,W20
874,20160523,5/23/2016,?5?/?23?/?2016,2016,5,23,May,May,Monday,Mon,1,2,Q2,143,21,W21
875,20160524,5/24/2016,?5?/?24?/?2016,2016,5,24,May,May,Tuesday,Tue,2,2,Q2,144,21,W21
876,20160525,5/25/2016,?5?/?25?/?2016,2016,5,25,May,May,Wednesday,Wed,3,2,Q2,145,21,W21
877,20160526,5/26/2016,?5?/?26?/?2016,2016,5,26,May,May,Thursday,Thu,4,2,Q2,146,21,W21
878,20160527,5/27/2016,?5?/?27?/?2016,2016,5,27,May,May,Friday,Fri,5,2,Q2,147,21,W21
879,20160528,5/28/2016,?5?/?28?/?2016,2016,5,28,May,May,Saturday,Sat,6,2,Q2,148,21,W21
880,20160529,5/29/2016,?5?/?29?/?2016,2016,5,29,May,May,Sunday,Sun,7,2,Q2,149,21,W21
881,20160530,5/30/2016,?5?/?30?/?2016,2016,5,30,May,May,Monday,Mon,1,2,Q2,150,22,W22
882,20160531,5/31/2016,?5?/?31?/?2016,2016,5,31,May,May,Tuesday,Tue,2,2,Q2,151,22,W22
883,20160601,6/1/2016,?6?/?1?/?2016,2016,6,1,June,Jun,Wednesday,Wed,3,2,Q2,152,22,W22
884,20160602,6/2/2016,?6?/?2?/?2016,2016,6,2,June,Jun,Thursday,Thu,4,2,Q2,153,22,W22
885,20160603,6/3/2016,?6?/?3?/?2016,2016,6,3,June,Jun,Friday,Fri,5,2,Q2,154,22,W22
886,20160604,6/4/2016,?6?/?4?/?2016,2016,6,4,June,Jun,Saturday,Sat,6,2,Q2,155,22,W22
887,20160605,6/5/2016,?6?/?5?/?2016,2016,6,5,June,Jun,Sunday,Sun,7,2,Q2,156,22,W22
888,20160606,6/6/2016,?6?/?6?/?2016,2016,6,6,June,Jun,Monday,Mon,1,2,Q2,157,23,W23
889,20160607,6/7/2016,?6?/?7?/?2016,2016,6,7,June,Jun,Tuesday,Tue,2,2,Q2,158,23,W23
890,20160608,6/8/2016,?6?/?8?/?2016,2016,6,8,June,Jun,Wednesday,Wed,3,2,Q2,159,23,W23
891,20160609,6/9/2016,?6?/?9?/?2016,2016,6,9,June,Jun,Thursday,Thu,4,2,Q2,160,23,W23
892,20160610,6/10/2016,?6?/?10?/?2016,2016,6,10,June,Jun,Friday,Fri,5,2,Q2,161,23,W23
893,20160611,6/11/2016,?6?/?11?/?2016,2016,6,11,June,Jun,Saturday,Sat,6,2,Q2,162,23,W23
894,20160612,6/12/2016,?6?/?12?/?2016,2016,6,12,June,Jun,Sunday,Sun,7,2,Q2,163,23,W23
895,20160613,6/13/2016,?6?/?13?/?2016,2016,6,13,June,Jun,Monday,Mon,1,2,Q2,164,24,W24
896,20160614,6/14/2016,?6?/?14?/?2016,2016,6,14,June,Jun,Tuesday,Tue,2,2,Q2,165,24,W24
897,20160615,6/15/2016,?6?/?15?/?2016,2016,6,15,June,Jun,Wednesday,Wed,3,2,Q2,166,24,W24
898,20160616,6/16/2016,?6?/?16?/?2016,2016,6,16,June,Jun,Thursday,Thu,4,2,Q2,167,24,W24
899,20160617,6/17/2016,?6?/?17?/?2016,2016,6,17,June,Jun,Friday,Fri,5,2,Q2,168,24,W24
900,20160618,6/18/2016,?6?/?18?/?2016,2016,6,18,June,Jun,Saturday,Sat,6,2,Q2,169,24,W24
901,20160619,6/19/2016,?6?/?19?/?2016,2016,6,19,June,Jun,Sunday,Sun,7,2,Q2,170,24,W24
902,20160620,6/20/2016,?6?/?20?/?2016,2016,6,20,June,Jun,Monday,Mon,1,2,Q2,171,25,W25
903,20160621,6/21/2016,?6?/?21?/?2016,2016,6,21,June,Jun,Tuesday,Tue,2,2,Q2,172,25,W25
904,20160622,6/22/2016,?6?/?22?/?2016,2016,6,22,June,Jun,Wednesday,Wed,3,2,Q2,173,25,W25
905,20160623,6/23/2016,?6?/?23?/?2016,2016,6,23,June,Jun,Thursday,Thu,4,2,Q2,174,25,W25
906,20160624,6/24/2016,?6?/?24?/?2016,2016,6,24,June,Jun,Friday,Fri,5,2,Q2,175,25,W25
907,20160625,6/25/2016,?6?/?25?/?2016,2016,6,25,June,Jun,Saturday,Sat,6,2,Q2,176,25,W25
908,20160626,6/26/2016,?6?/?26?/?2016,2016,6,26,June,Jun,Sunday,Sun,7,2,Q2,177,25,W25
909,20160627,6/27/2016,?6?/?27?/?2016,2016,6,27,June,Jun,Monday,Mon,1,2,Q2,178,26,W26
910,20160628,6/28/2016,?6?/?28?/?2016,2016,6,28,June,Jun,Tuesday,Tue,2,2,Q2,179,26,W26
911,20160629,6/29/2016,?6?/?29?/?2016,2016,6,29,June,Jun,Wednesday,Wed,3,2,Q2,180,26,W26
912,20160630,6/30/2016,?6?/?30?/?2016,2016,6,30,June,Jun,Thursday,Thu,4,2,Q2,181,26,W26
913,20160701,7/1/2016,?7?/?1?/?2016,2016,7,1,July,Jul,Friday,Fri,5,3,Q3,182,26,W26
914,20160702,7/2/2016,?7?/?2?/?2016,2016,7,2,July,Jul,Saturday,Sat,6,3,Q3,183,26,W26
915,20160703,7/3/2016,?7?/?3?/?2016,2016,7,3,July,Jul,Sunday,Sun,7,3,Q3,184,26,W26
916,20160704,7/4/2016,?7?/?4?/?2016,2016,7,4,July,Jul,Monday,Mon,1,3,Q3,185,27,W27
917,20160705,7/5/2016,?7?/?5?/?2016,2016,7,5,July,Jul,Tuesday,Tue,2,3,Q3,186,27,W27
918,20160706,7/6/2016,?7?/?6?/?2016,2016,7,6,July,Jul,Wednesday,Wed,3,3,Q3,187,27,W27
919,20160707,7/7/2016,?7?/?7?/?2016,2016,7,7,July,Jul,Thursday,Thu,4,3,Q3,188,27,W27
920,20160708,7/8/2016,?7?/?8?/?2016,2016,7,8,July,Jul,Friday,Fri,5,3,Q3,189,27,W27
921,20160709,7/9/2016,?7?/?9?/?2016,2016,7,9,July,Jul,Saturday,Sat,6,3,Q3,190,27,W27
922,20160710,7/10/2016,?7?/?10?/?2016,2016,7,10,July,Jul,Sunday,Sun,7,3,Q3,191,27,W27
923,20160711,7/11/2016,?7?/?11?/?2016,2016,7,11,July,Jul,Monday,Mon,1,3,Q3,192,28,W28
924,20160712,7/12/2016,?7?/?12?/?2016,2016,7,12,July,Jul,Tuesday,Tue,2,3,Q3,193,28,W28
925,20160713,7/13/2016,?7?/?13?/?2016,2016,7,13,July,Jul,Wednesday,Wed,3,3,Q3,194,28,W28
926,20160714,7/14/2016,?7?/?14?/?2016,2016,7,14,July,Jul,Thursday,Thu,4,3,Q3,195,28,W28
927,20160715,7/15/2016,?7?/?15?/?2016,2016,7,15,July,Jul,Friday,Fri,5,3,Q3,196,28,W28
928,20160716,7/16/2016,?7?/?16?/?2016,2016,7,16,July,Jul,Saturday,Sat,6,3,Q3,197,28,W28
929,20160717,7/17/2016,?7?/?17?/?2016,2016,7,17,July,Jul,Sunday,Sun,7,3,Q3,198,28,W28
930,20160718,7/18/2016,?7?/?18?/?2016,2016,7,18,July,Jul,Monday,Mon,1,3,Q3,199,29,W29
931,20160719,7/19/2016,?7?/?19?/?2016,2016,7,19,July,Jul,Tuesday,Tue,2,3,Q3,200,29,W29
932,20160720,7/20/2016,?7?/?20?/?2016,2016,7,20,July,Jul,Wednesday,Wed,3,3,Q3,201,29,W29
933,20160721,7/21/2016,?7?/?21?/?2016,2016,7,21,July,Jul,Thursday,Thu,4,3,Q3,202,29,W29
934,20160722,7/22/2016,?7?/?22?/?2016,2016,7,22,July,Jul,Friday,Fri,5,3,Q3,203,29,W29
935,20160723,7/23/2016,?7?/?23?/?2016,2016,7,23,July,Jul,Saturday,Sat,6,3,Q3,204,29,W29
936,20160724,7/24/2016,?7?/?24?/?2016,2016,7,24,July,Jul,Sunday,Sun,7,3,Q3,205,29,W29
937,20160725,7/25/2016,?7?/?25?/?2016,2016,7,25,July,Jul,Monday,Mon,1,3,Q3,206,30,W30
938,20160726,7/26/2016,?7?/?26?/?2016,2016,7,26,July,Jul,Tuesday,Tue,2,3,Q3,207,30,W30
939,20160727,7/27/2016,?7?/?27?/?2016,2016,7,27,July,Jul,Wednesday,Wed,3,3,Q3,208,30,W30
940,20160728,7/28/2016,?7?/?28?/?2016,2016,7,28,July,Jul,Thursday,Thu,4,3,Q3,209,30,W30
941,20160729,7/29/2016,?7?/?29?/?2016,2016,7,29,July,Jul,Friday,Fri,5,3,Q3,210,30,W30
942,20160730,7/30/2016,?7?/?30?/?2016,2016,7,30,July,Jul,Saturday,Sat,6,3,Q3,211,30,W30
943,20160731,7/31/2016,?7?/?31?/?2016,2016,7,31,July,Jul,Sunday,Sun,7,3,Q3,212,30,W30
944,20160801,8/1/2016,?8?/?1?/?2016,2016,8,1,August,Aug,Monday,Mon,1,3,Q3,213,31,W31
945,20160802,8/2/2016,?8?/?2?/?2016,2016,8,2,August,Aug,Tuesday,Tue,2,3,Q3,214,31,W31
946,20160803,8/3/2016,?8?/?3?/?2016,2016,8,3,August,Aug,Wednesday,Wed,3,3,Q3,215,31,W31
947,20160804,8/4/2016,?8?/?4?/?2016,2016,8,4,August,Aug,Thursday,Thu,4,3,Q3,216,31,W31
948,20160805,8/5/2016,?8?/?5?/?2016,2016,8,5,August,Aug,Friday,Fri,5,3,Q3,217,31,W31
949,20160806,8/6/2016,?8?/?6?/?2016,2016,8,6,August,Aug,Saturday,Sat,6,3,Q3,218,31,W31
950,20160807,8/7/2016,?8?/?7?/?2016,2016,8,7,August,Aug,Sunday,Sun,7,3,Q3,219,31,W31
951,20160808,8/8/2016,?8?/?8?/?2016,2016,8,8,August,Aug,Monday,Mon,1,3,Q3,220,32,W32
952,20160809,8/9/2016,?8?/?9?/?2016,2016,8,9,August,Aug,Tuesday,Tue,2,3,Q3,221,32,W32
953,20160810,8/10/2016,?8?/?10?/?2016,2016,8,10,August,Aug,Wednesday,Wed,3,3,Q3,222,32,W32
954,20160811,8/11/2016,?8?/?11?/?2016,2016,8,11,August,Aug,Thursday,Thu,4,3,Q3,223,32,W32
955,20160812,8/12/2016,?8?/?12?/?2016,2016,8,12,August,Aug,Friday,Fri,5,3,Q3,224,32,W32
956,20160813,8/13/2016,?8?/?13?/?2016,2016,8,13,August,Aug,Saturday,Sat,6,3,Q3,225,32,W32
957,20160814,8/14/2016,?8?/?14?/?2016,2016,8,14,August,Aug,Sunday,Sun,7,3,Q3,226,32,W32
958,20160815,8/15/2016,?8?/?15?/?2016,2016,8,15,August,Aug,Monday,Mon,1,3,Q3,227,33,W33
959,20160816,8/16/2016,?8?/?16?/?2016,2016,8,16,August,Aug,Tuesday,Tue,2,3,Q3,228,33,W33
960,20160817,8/17/2016,?8?/?17?/?2016,2016,8,17,August,Aug,Wednesday,Wed,3,3,Q3,229,33,W33
961,20160818,8/18/2016,?8?/?18?/?2016,2016,8,18,August,Aug,Thursday,Thu,4,3,Q3,230,33,W33
962,20160819,8/19/2016,?8?/?19?/?2016,2016,8,19,August,Aug,Friday,Fri,5,3,Q3,231,33,W33
963,20160820,8/20/2016,?8?/?20?/?2016,2016,8,20,August,Aug,Saturday,Sat,6,3,Q3,232,33,W33
964,20160821,8/21/2016,?8?/?21?/?2016,2016,8,21,August,Aug,Sunday,Sun,7,3,Q3,233,33,W33
965,20160822,8/22/2016,?8?/?22?/?2016,2016,8,22,August,Aug,Monday,Mon,1,3,Q3,234,34,W34
966,20160823,8/23/2016,?8?/?23?/?2016,2016,8,23,August,Aug,Tuesday,Tue,2,3,Q3,235,34,W34
967,20160824,8/24/2016,?8?/?24?/?2016,2016,8,24,August,Aug,Wednesday,Wed,3,3,Q3,236,34,W34
968,20160825,8/25/2016,?8?/?25?/?2016,2016,8,25,August,Aug,Thursday,Thu,4,3,Q3,237,34,W34
969,20160826,8/26/2016,?8?/?26?/?2016,2016,8,26,August,Aug,Friday,Fri,5,3,Q3,238,34,W34
970,20160827,8/27/2016,?8?/?27?/?2016,2016,8,27,August,Aug,Saturday,Sat,6,3,Q3,239,34,W34
971,20160828,8/28/2016,?8?/?28?/?2016,2016,8,28,August,Aug,Sunday,Sun,7,3,Q3,240,34,W34
972,20160829,8/29/2016,?8?/?29?/?2016,2016,8,29,August,Aug,Monday,Mon,1,3,Q3,241,35,W35
973,20160830,8/30/2016,?8?/?30?/?2016,2016,8,30,August,Aug,Tuesday,Tue,2,3,Q3,242,35,W35
974,20160831,8/31/2016,?8?/?31?/?2016,2016,8,31,August,Aug,Wednesday,Wed,3,3,Q3,243,35,W35
975,20160901,9/1/2016,?9?/?1?/?2016,2016,9,1,September,Sep,Thursday,Thu,4,3,Q3,244,35,W35
976,20160902,9/2/2016,?9?/?2?/?2016,2016,9,2,September,Sep,Friday,Fri,5,3,Q3,245,35,W35
977,20160903,9/3/2016,?9?/?3?/?2016,2016,9,3,September,Sep,Saturday,Sat,6,3,Q3,246,35,W35
978,20160904,9/4/2016,?9?/?4?/?2016,2016,9,4,September,Sep,Sunday,Sun,7,3,Q3,247,35,W35
979,20160905,9/5/2016,?9?/?5?/?2016,2016,9,5,September,Sep,Monday,Mon,1,3,Q3,248,36,W36
980,20160906,9/6/2016,?9?/?6?/?2016,2016,9,6,September,Sep,Tuesday,Tue,2,3,Q3,249,36,W36
981,20160907,9/7/2016,?9?/?7?/?2016,2016,9,7,September,Sep,Wednesday,Wed,3,3,Q3,250,36,W36
982,20160908,9/8/2016,?9?/?8?/?2016,2016,9,8,September,Sep,Thursday,Thu,4,3,Q3,251,36,W36
983,20160909,9/9/2016,?9?/?9?/?2016,2016,9,9,September,Sep,Friday,Fri,5,3,Q3,252,36,W36
984,20160910,9/10/2016,?9?/?10?/?2016,2016,9,10,September,Sep,Saturday,Sat,6,3,Q3,253,36,W36
985,20160911,9/11/2016,?9?/?11?/?2016,2016,9,11,September,Sep,Sunday,Sun,7,3,Q3,254,36,W36
986,20160912,9/12/2016,?9?/?12?/?2016,2016,9,12,September,Sep,Monday,Mon,1,3,Q3,255,37,W37
987,20160913,9/13/2016,?9?/?13?/?2016,2016,9,13,September,Sep,Tuesday,Tue,2,3,Q3,256,37,W37
988,20160914,9/14/2016,?9?/?14?/?2016,2016,9,14,September,Sep,Wednesday,Wed,3,3,Q3,257,37,W37
989,20160915,9/15/2016,?9?/?15?/?2016,2016,9,15,September,Sep,Thursday,Thu,4,3,Q3,258,37,W37
990,20160916,9/16/2016,?9?/?16?/?2016,2016,9,16,September,Sep,Friday,Fri,5,3,Q3,259,37,W37
991,20160917,9/17/2016,?9?/?17?/?2016,2016,9,17,September,Sep,Saturday,Sat,6,3,Q3,260,37,W37
992,20160918,9/18/2016,?9?/?18?/?2016,2016,9,18,September,Sep,Sunday,Sun,7,3,Q3,261,37,W37
993,20160919,9/19/2016,?9?/?19?/?2016,2016,9,19,September,Sep,Monday,Mon,1,3,Q3,262,38,W38
994,20160920,9/20/2016,?9?/?20?/?2016,2016,9,20,September,Sep,Tuesday,Tue,2,3,Q3,263,38,W38
995,20160921,9/21/2016,?9?/?21?/?2016,2016,9,21,September,Sep,Wednesday,Wed,3,3,Q3,264,38,W38
996,20160922,9/22/2016,?9?/?22?/?2016,2016,9,22,September,Sep,Thursday,Thu,4,3,Q3,265,38,W38
997,20160923,9/23/2016,?9?/?23?/?2016,2016,9,23,September,Sep,Friday,Fri,5,3,Q3,266,38,W38
998,20160924,9/24/2016,?9?/?24?/?2016,2016,9,24,September,Sep,Saturday,Sat,6,3,Q3,267,38,W38
999,20160925,9/25/2016,?9?/?25?/?2016,2016,9,25,September,Sep,Sunday,Sun,7,3,Q3,268,38,W38
1000,20160926,9/26/2016,?9?/?26?/?2016,2016,9,26,September,Sep,Monday,Mon,1,3,Q3,269,39,W39
1001,20160927,9/27/2016,?9?/?27?/?2016,2016,9,27,September,Sep,Tuesday,Tue,2,3,Q3,270,39,W39
1002,20160928,9/28/2016,?9?/?28?/?2016,2016,9,28,September,Sep,Wednesday,Wed,3,3,Q3,271,39,W39
1003,20160929,9/29/2016,?9?/?29?/?2016,2016,9,29,September,Sep,Thursday,Thu,4,3,Q3,272,39,W39
1004,20160930,9/30/2016,?9?/?30?/?2016,2016,9,30,September,Sep,Friday,Fri,5,3,Q3,273,39,W39
1005,20161001,10/1/2016,?10?/?1?/?2016,2016,10,1,October,Oct,Saturday,Sat,6,4,Q4,274,39,W39
1006,20161002,10/2/2016,?10?/?2?/?2016,2016,10,2,October,Oct,Sunday,Sun,7,4,Q4,275,39,W39
1007,20161003,10/3/2016,?10?/?3?/?2016,2016,10,3,October,Oct,Monday,Mon,1,4,Q4,276,40,W40
1008,20161004,10/4/2016,?10?/?4?/?2016,2016,10,4,October,Oct,Tuesday,Tue,2,4,Q4,277,40,W40
1009,20161005,10/5/2016,?10?/?5?/?2016,2016,10,5,October,Oct,Wednesday,Wed,3,4,Q4,278,40,W40
1010,20161006,10/6/2016,?10?/?6?/?2016,2016,10,6,October,Oct,Thursday,Thu,4,4,Q4,279,40,W40
1011,20161007,10/7/2016,?10?/?7?/?2016,2016,10,7,October,Oct,Friday,Fri,5,4,Q4,280,40,W40
1012,20161008,10/8/2016,?10?/?8?/?2016,2016,10,8,October,Oct,Saturday,Sat,6,4,Q4,281,40,W40
1013,20161009,10/9/2016,?10?/?9?/?2016,2016,10,9,October,Oct,Sunday,Sun,7,4,Q4,282,40,W40
1014,20161010,10/10/2016,?10?/?10?/?2016,2016,10,10,October,Oct,Monday,Mon,1,4,Q4,283,41,W41
1015,20161011,10/11/2016,?10?/?11?/?2016,2016,10,11,October,Oct,Tuesday,Tue,2,4,Q4,284,41,W41
1016,20161012,10/12/2016,?10?/?12?/?2016,2016,10,12,October,Oct,Wednesday,Wed,3,4,Q4,285,41,W41
1017,20161013,10/13/2016,?10?/?13?/?2016,2016,10,13,October,Oct,Thursday,Thu,4,4,Q4,286,41,W41
1018,20161014,10/14/2016,?10?/?14?/?2016,2016,10,14,October,Oct,Friday,Fri,5,4,Q4,287,41,W41
1019,20161015,10/15/2016,?10?/?15?/?2016,2016,10,15,October,Oct,Saturday,Sat,6,4,Q4,288,41,W41
1020,20161016,10/16/2016,?10?/?16?/?2016,2016,10,16,October,Oct,Sunday,Sun,7,4,Q4,289,41,W41
1021,20161017,10/17/2016,?10?/?17?/?2016,2016,10,17,October,Oct,Monday,Mon,1,4,Q4,290,42,W42
1022,20161018,10/18/2016,?10?/?18?/?2016,2016,10,18,October,Oct,Tuesday,Tue,2,4,Q4,291,42,W42
1023,20161019,10/19/2016,?10?/?19?/?2016,2016,10,19,October,Oct,Wednesday,Wed,3,4,Q4,292,42,W42
1024,20161020,10/20/2016,?10?/?20?/?2016,2016,10,20,October,Oct,Thursday,Thu,4,4,Q4,293,42,W42
1025,20161021,10/21/2016,?10?/?21?/?2016,2016,10,21,October,Oct,Friday,Fri,5,4,Q4,294,42,W42
1026,20161022,10/22/2016,?10?/?22?/?2016,2016,10,22,October,Oct,Saturday,Sat,6,4,Q4,295,42,W42
1027,20161023,10/23/2016,?10?/?23?/?2016,2016,10,23,October,Oct,Sunday,Sun,7,4,Q4,296,42,W42
1028,20161024,10/24/2016,?10?/?24?/?2016,2016,10,24,October,Oct,Monday,Mon,1,4,Q4,297,43,W43
1029,20161025,10/25/2016,?10?/?25?/?2016,2016,10,25,October,Oct,Tuesday,Tue,2,4,Q4,298,43,W43
1030,20161026,10/26/2016,?10?/?26?/?2016,2016,10,26,October,Oct,Wednesday,Wed,3,4,Q4,299,43,W43
1031,20161027,10/27/2016,?10?/?27?/?2016,2016,10,27,October,Oct,Thursday,Thu,4,4,Q4,300,43,W43
1032,20161028,10/28/2016,?10?/?28?/?2016,2016,10,28,October,Oct,Friday,Fri,5,4,Q4,301,43,W43
1033,20161029,10/29/2016,?10?/?29?/?2016,2016,10,29,October,Oct,Saturday,Sat,6,4,Q4,302,43,W43
1034,20161030,10/30/2016,?10?/?30?/?2016,2016,10,30,October,Oct,Sunday,Sun,7,4,Q4,303,43,W43
1035,20161031,10/31/2016,?10?/?31?/?2016,2016,10,31,October,Oct,Monday,Mon,1,4,Q4,304,44,W44
1036,20161101,11/1/2016,?11?/?1?/?2016,2016,11,1,November,Nov,Tuesday,Tue,2,4,Q4,305,44,W44
1037,20161102,11/2/2016,?11?/?2?/?2016,2016,11,2,November,Nov,Wednesday,Wed,3,4,Q4,306,44,W44
1038,20161103,11/3/2016,?11?/?3?/?2016,2016,11,3,November,Nov,Thursday,Thu,4,4,Q4,307,44,W44
1039,20161104,11/4/2016,?11?/?4?/?2016,2016,11,4,November,Nov,Friday,Fri,5,4,Q4,308,44,W44
1040,20161105,11/5/2016,?11?/?5?/?2016,2016,11,5,November,Nov,Saturday,Sat,6,4,Q4,309,44,W44
1041,20161106,11/6/2016,?11?/?6?/?2016,2016,11,6,November,Nov,Sunday,Sun,7,4,Q4,310,44,W44
1042,20161107,11/7/2016,?11?/?7?/?2016,2016,11,7,November,Nov,Monday,Mon,1,4,Q4,312,45,W45
1043,20161108,11/8/2016,?11?/?8?/?2016,2016,11,8,November,Nov,Tuesday,Tue,2,4,Q4,313,45,W45
1044,20161109,11/9/2016,?11?/?9?/?2016,2016,11,9,November,Nov,Wednesday,Wed,3,4,Q4,314,45,W45
1045,20161110,11/10/2016,?11?/?10?/?2016,2016,11,10,November,Nov,Thursday,Thu,4,4,Q4,315,45,W45
1046,20161111,11/11/2016,?11?/?11?/?2016,2016,11,11,November,Nov,Friday,Fri,5,4,Q4,316,45,W45
1047,20161112,11/12/2016,?11?/?12?/?2016,2016,11,12,November,Nov,Saturday,Sat,6,4,Q4,317,45,W45
1048,20161113,11/13/2016,?11?/?13?/?2016,2016,11,13,November,Nov,Sunday,Sun,7,4,Q4,318,45,W45
1049,20161114,11/14/2016,?11?/?14?/?2016,2016,11,14,November,Nov,Monday,Mon,1,4,Q4,319,46,W46
1050,20161115,11/15/2016,?11?/?15?/?2016,2016,11,15,November,Nov,Tuesday,Tue,2,4,Q4,320,46,W46
1051,20161116,11/16/2016,?11?/?16?/?2016,2016,11,16,November,Nov,Wednesday,Wed,3,4,Q4,321,46,W46
1052,20161117,11/17/2016,?11?/?17?/?2016,2016,11,17,November,Nov,Thursday,Thu,4,4,Q4,322,46,W46
1053,20161118,11/18/2016,?11?/?18?/?2016,2016,11,18,November,Nov,Friday,Fri,5,4,Q4,323,46,W46
1054,20161119,11/19/2016,?11?/?19?/?2016,2016,11,19,November,Nov,Saturday,Sat,6,4,Q4,324,46,W46
1055,20161120,11/20/2016,?11?/?20?/?2016,2016,11,20,November,Nov,Sunday,Sun,7,4,Q4,325,46,W46
1056,20161121,11/21/2016,?11?/?21?/?2016,2016,11,21,November,Nov,Monday,Mon,1,4,Q4,326,47,W47
1057,20161122,11/22/2016,?11?/?22?/?2016,2016,11,22,November,Nov,Tuesday,Tue,2,4,Q4,327,47,W47
1058,20161123,11/23/2016,?11?/?23?/?2016,2016,11,23,November,Nov,Wednesday,Wed,3,4,Q4,328,47,W47
1059,20161124,11/24/2016,?11?/?24?/?2016,2016,11,24,November,Nov,Thursday,Thu,4,4,Q4,329,47,W47
1060,20161125,11/25/2016,?11?/?25?/?2016,2016,11,25,November,Nov,Friday,Fri,5,4,Q4,330,47,W47
1061,20161126,11/26/2016,?11?/?26?/?2016,2016,11,26,November,Nov,Saturday,Sat,6,4,Q4,331,47,W47
1062,20161127,11/27/2016,?11?/?27?/?2016,2016,11,27,November,Nov,Sunday,Sun,7,4,Q4,332,47,W47
1063,20161128,11/28/2016,?11?/?28?/?2016,2016,11,28,November,Nov,Monday,Mon,1,4,Q4,333,48,W48
1064,20161129,11/29/2016,?11?/?29?/?2016,2016,11,29,November,Nov,Tuesday,Tue,2,4,Q4,334,48,W48
1065,20161130,11/30/2016,?11?/?30?/?2016,2016,11,30,November,Nov,Wednesday,Wed,3,4,Q4,335,48,W48
1066,20161201,12/1/2016,?12?/?1?/?2016,2016,12,1,December,Dec,Thursday,Thu,4,4,Q4,336,48,W48
1067,20161202,12/2/2016,?12?/?2?/?2016,2016,12,2,December,Dec,Friday,Fri,5,4,Q4,337,48,W48
1068,20161203,12/3/2016,?12?/?3?/?2016,2016,12,3,December,Dec,Saturday,Sat,6,4,Q4,338,48,W48
1069,20161204,12/4/2016,?12?/?4?/?2016,2016,12,4,December,Dec,Sunday,Sun,7,4,Q4,339,48,W48
1070,20161205,12/5/2016,?12?/?5?/?2016,2016,12,5,December,Dec,Monday,Mon,1,4,Q4,340,49,W49
1071,20161206,12/6/2016,?12?/?6?/?2016,2016,12,6,December,Dec,Tuesday,Tue,2,4,Q4,341,49,W49
1072,20161207,12/7/2016,?12?/?7?/?2016,2016,12,7,December,Dec,Wednesday,Wed,3,4,Q4,342,49,W49
1073,20161208,12/8/2016,?12?/?8?/?2016,2016,12,8,December,Dec,Thursday,Thu,4,4,Q4,343,49,W49
1074,20161209,12/9/2016,?12?/?9?/?2016,2016,12,9,December,Dec,Friday,Fri,5,4,Q4,344,49,W49
1075,20161210,12/10/2016,?12?/?10?/?2016,2016,12,10,December,Dec,Saturday,Sat,6,4,Q4,345,49,W49
1076,20161211,12/11/2016,?12?/?11?/?2016,2016,12,11,December,Dec,Sunday,Sun,7,4,Q4,346,49,W49
1077,20161212,12/12/2016,?12?/?12?/?2016,2016,12,12,December,Dec,Monday,Mon,1,4,Q4,347,50,W50
1078,20161213,12/13/2016,?12?/?13?/?2016,2016,12,13,December,Dec,Tuesday,Tue,2,4,Q4,348,50,W50
1079,20161214,12/14/2016,?12?/?14?/?2016,2016,12,14,December,Dec,Wednesday,Wed,3,4,Q4,349,50,W50
1080,20161215,12/15/2016,?12?/?15?/?2016,2016,12,15,December,Dec,Thursday,Thu,4,4,Q4,350,50,W50
1081,20161216,12/16/2016,?12?/?16?/?2016,2016,12,16,December,Dec,Friday,Fri,5,4,Q4,351,50,W50
1082,20161217,12/17/2016,?12?/?17?/?2016,2016,12,17,December,Dec,Saturday,Sat,6,4,Q4,352,50,W50
1083,20161218,12/18/2016,?12?/?18?/?2016,2016,12,18,December,Dec,Sunday,Sun,7,4,Q4,353,50,W50
1084,20161219,12/19/2016,?12?/?19?/?2016,2016,12,19,December,Dec,Monday,Mon,1,4,Q4,354,51,W51
1085,20161220,12/20/2016,?12?/?20?/?2016,2016,12,20,December,Dec,Tuesday,Tue,2,4,Q4,355,51,W51
1086,20161221,12/21/2016,?12?/?21?/?2016,2016,12,21,December,Dec,Wednesday,Wed,3,4,Q4,356,51,W51
1087,20161222,12/22/2016,?12?/?22?/?2016,2016,12,22,December,Dec,Thursday,Thu,4,4,Q4,357,51,W51
1088,20161223,12/23/2016,?12?/?23?/?2016,2016,12,23,December,Dec,Friday,Fri,5,4,Q4,358,51,W51
1089,20161224,12/24/2016,?12?/?24?/?2016,2016,12,24,December,Dec,Saturday,Sat,6,4,Q4,359,51,W51
1090,20161225,12/25/2016,?12?/?25?/?2016,2016,12,25,December,Dec,Sunday,Sun,7,4,Q4,360,51,W51
1091,20161226,12/26/2016,?12?/?26?/?2016,2016,12,26,December,Dec,Monday,Mon,1,4,Q4,361,52,W52
1092,20161227,12/27/2016,?12?/?27?/?2016,2016,12,27,December,Dec,Tuesday,Tue,2,4,Q4,362,52,W52
1093,20161228,12/28/2016,?12?/?28?/?2016,2016,12,28,December,Dec,Wednesday,Wed,3,4,Q4,363,52,W52
1094,20161229,12/29/2016,?12?/?29?/?2016,2016,12,29,December,Dec,Thursday,Thu,4,4,Q4,364,52,W52
1095,20161230,12/30/2016,?12?/?30?/?2016,2016,12,30,December,Dec,Friday,Fri,5,4,Q4,365,52,W52
1096,20161231,12/31/2016,?12?/?31?/?2016,2016,12,31,December,Dec,Saturday,Sat,6,4,Q4,366,52,W52
